ironia	answer	tweet_id	annotation_id	lead_time	sentimento	id	text	updated_at	created_at	annotator	emocion	relevancia
No		1528216296147533824	1	160.785	Admiraci√≥n	1	#NosUnimosONosJodemos #NosUnimosONosJodemos  Vamos juntos por el cambio, mire el miedo que le tienen.  @petrogustavo Mi presidente	2023-03-01T13:16:16.768206Z	2023-03-01T13:16:16.768175Z	1	Si	Si
No		1528425111078019072	2	69.421	{"choices": ["Ira", "Asco", "Desagrado"]}	2	@tobonsanin Otra vez este viejo est√∫pido politiquero, estamos es llevados cuando creemos  viejo decr√©pito de estos va hacer la soluci√≥n para Colombia, ayudando a escoger corruptos como #quintero en MEDELLIN #PetroElPatronDelMal #FedericoEsColombia #NosUnimosONosJodemos	2023-03-01T13:17:26.472542Z	2023-03-01T13:17:26.472475Z	1	Si	Si
		1528451337087762433	3	36.023		3	Sin importar encuestas como en el plebiscito juntos por Colombia el 29 nos vemos #FedericoImparable #NosUnimosONosJodemos #FedericoEsColombia	2023-03-01T13:18:02.768021Z	2023-03-01T13:18:02.767992Z	1	No	Si
No	Interpela a otro usuario. Parece haber una actitud negativa pero es muy leve.	1528454891634663428	4	134.18	Otra	4	@FranciaMarquezM Ahora q es a ud si le parece grave? Y cuando sus borregos de la primera linea lo hacian contra nuestros policias q? Chevere cuando es para otros pero grave cuando es hacia mi? ü§• #PetroElPatronDelMal #NosUnimosONosJodemos	2023-03-01T13:20:17.277992Z	2023-03-01T13:20:17.277961Z	1	Si	Si
		1528336411451133955	49	8.631	{"choices": ["Admiraci√≥n", "Confianza"]}	5	Este es el Presidente que nos merecemos, recorri√≥ el pa√≠s entero, escuch√≥, expres√≥ cari√±o y nos contagi√≥ la esperanza #FedericoEsColombia	2023-03-01T13:40:12.093738Z	2023-03-01T13:40:12.093670Z	1		Si
No		1528335860470620160	50	18.669	Confianza	6	Por mi familia, por la democracia y las libertades. #FedericoEsColombia	2023-03-01T13:40:44.720837Z	2023-03-01T13:40:44.720807Z	1	Si	Si
No		1528349594152730628	51	23.941	Confianza	7	Por el bien de Colombia #FedericoEsColombia	2023-03-01T13:41:34.960354Z	2023-03-01T13:41:34.960324Z	1	Si	Si
No		1528347672683356162	52	13.73	Admiraci√≥n	8	FICO es desarrollo, FICO es progreso #FedericoEsColombia	2023-03-01T13:42:10.795023Z	2023-03-01T13:42:10.794993Z	1	Si	Si
No		1528354852681699328	9	16.027	{"choices": ["Asco", "Desagrado"]}	9	Parece que no hemos entendido que necesita mantenerse vigente a base de mentiras #FedericoEsColombia	2023-03-01T13:22:29.808507Z	2023-03-01T13:22:29.808439Z	1	Si	Si
No		1528354131680829441	10	23.572	{"choices": ["Ira", "Asco", "Miedo", "Odio"]}	10	#FedericoEsColombia #FedericoEsColombia El otro, el secuestrador, lo peor que podr√≠a pasarle a Colombia. Se imaginan al secuestrador y a king kong representando a Colombia ante el mundo.	2023-03-01T13:22:53.770138Z	2023-03-01T13:22:53.770059Z	1	Si	Si
No		1528364760273657860	53	5.212	Admiraci√≥n	11	Mi voto en primera es por Federico Guti√©rrez #FedericoEsColombia  #FicoPresidente2022 .	2023-03-01T13:42:38.566121Z	2023-03-01T13:42:38.566090Z	1	Si	Si
No		1528368299632910336	12	17.055	{"choices": ["Admiraci√≥n", "Agrado"]}	12	Federico es el presidente que Colombia necesitaüòçüôè #FedericoEsColombia	2023-03-01T13:23:17.539239Z	2023-03-01T13:23:17.539210Z	1	Si	Si
No		1528417994732339203	13	34.854	{"choices": ["Admiraci√≥n", "Asco", "Desagrado", "Tristeza"]}	13	A 7 d√≠as de las elecciones presidenciales en Colombia, Gustavo Petro est√° asustado y Federico Guti√©rrez luce seguro #FedericoEsColombia	2023-03-01T13:23:52.770415Z	2023-03-01T13:23:52.770375Z	1	Si	Si
No		1528464727726252032	54	3.847	Admiraci√≥n	14	Cuente con los votos de toda mi familia aqu√≠ en Manrique Medell√≠n A.#FedericoEsColombia	2023-03-01T13:42:46.750516Z	2023-03-01T13:42:46.750483Z	1	Si	Si
No		1528473254616252417	55	11.53	{"choices": ["Admiraci√≥n", "Alegria", "Confianza"]}	15	#FedericoEsColombia  Ganaremos y uniremos a Colombia.   Tu voto, el m√≠o, el d todos es importante y decisivo.  Defendamos nuestra Democracia, nuestras libertades, no podemos caer en un abismo sin salida q nos empobrece mucho +.   Votemos bien, votemos FICO.  #FicoPresidente2022	2023-03-01T13:44:15.695991Z	2023-03-01T13:44:15.695961Z	1	Si	Si
No		1528373108197019648	16	31.235	{"choices": ["Ira", "Asco", "Desagrado"]}	16	@DanielSamperO #LoPeorDeEstasElecciones La falta de √©tica de periodistas y firmas encuestadoras que manipularon a lo largo de la misma la opini√≥n p√∫blica.  El tercer poder es la Periodictadura.  Lo peor adem√°s son los extremos pol√≠ticos disfrazados de ideolog√≠as por *cogerse el poder.	2023-03-01T13:25:21.116194Z	2023-03-01T13:25:21.116165Z	1	Si	Si
No		1528395704334528512	17	171.109	{"choices": ["Ira", "Desagrado"]}	17	#LoPeorDeEstasElecciones  el kakas como palo e gallinero asustado por q le suspendan al registrador comprado y la rancia asustada por los l√°ser q ellos mismos usan en las protestas, todas las semanas se inventan un golpe de estado payasos saben q no van a ganar #PetroEsUnPeligro	2023-03-01T13:28:12.565932Z	2023-03-01T13:28:12.565898Z	1	Si	Si
No		1528450896501346306	18	43.6	Miedo	18	#LoPeorDeEstasElecciones ‚ÄúCada colombiano es un pa√≠s enemigo‚Äù: Gabriel Garc√≠a M√°rquez en #ElGeneralEnSuLaberinto	2023-03-01T13:28:56.455524Z	2023-03-01T13:28:56.455495Z	1	Si	Si
No		1528464578564304897	19	27.338	Desagrado	19	#LoPeorDeEstasElecciones es la divisi√≥n de la gente  de este pa√≠s esta gente y cosas ya que pasan	2023-03-01T13:29:33.175562Z	2023-03-01T13:29:01.092321Z	1	Si	Si
No		1528448790646104069	56	7.391	Admiraci√≥n	20	#MiVotoEsPetroYFrancia por la paz de este pa√≠s	2023-03-01T13:44:28.058097Z	2023-03-01T13:44:28.058068Z	1	Si	Si
No		1528454091382333441	57	10.856	{"choices": ["Admiraci√≥n", "Confianza"]}	21	#MiVotoEsPetroYFrancia estoy seguro que ser√° el comienzo para escribir el futuro en una patria m√°s justa y de oportunidades para todos.	2023-03-01T13:44:47.682485Z	2023-03-01T13:44:47.682455Z	1	Si	Si
		1528457486159724545	58	3.238		22	Tambi√©n logr√© seducir dos votos m√°s #MiVotoEsPetroYFrancia	2023-03-01T13:45:00.898763Z	2023-03-01T13:45:00.898730Z	1	No	Si
No		1528465857218748423	59	10.726	{"choices": ["Admiraci√≥n", "Confianza"]}	23	#MiVotoEsPetroYFrancia Hasta que la dignidad se haga costumbre üí™üèªüí™üèªüí™üèªüá®üá¥üá®üá¥üá®üá¥üá®üá¥	2023-03-01T13:45:19.665236Z	2023-03-01T13:45:19.665204Z	1	Si	Si
No		1528470007285432321	72	1.616	Desagrado	24	Pueden decir toda la mentira que quieran, apelar al miedo si quieren, peroooüëâ #MiVotoEsPetroYFrancia	2023-03-02T17:13:05.312058Z	2023-03-02T17:13:05.312027Z	1	Si	Si
No		1528478218814164992	61	18.05	{"choices": ["Admiraci√≥n", "Confianza"]}	25	#MiVotoEsPetroYFrancia  el pacto es una sumar de fuerzas que quiere comenzar un cambio. A√±os de esfuerzo de muchas personas de ver√° reflejado el pr√≥ximo domingo.	2023-03-01T13:47:04.122784Z	2023-03-01T13:47:04.122752Z	1	Si	Si
No		1528475813280096256	62	7.356	{"choices": ["Admiraci√≥n", "Confianza"]}	26	#MiVotoEsPetroYFrancia en primera vuelta vamos a ganar	2023-03-01T13:47:15.629169Z	2023-03-01T13:47:15.629135Z	1	Si	Si
No		1528483611061719041	27	20.086	{"choices": ["Admiraci√≥n", "Alegria", "Agrado"]}	27	#MiVotoEsPetroYFrancia, as√≠ tendremos autonom√≠a de poderes, ellos respetan las cortes y toda la justicia.	2023-03-01T13:31:00.085992Z	2023-03-01T13:31:00.085962Z	1	Si	Si
No		1528486101031215104	28	15.071	Agrado	28	Hermoso ver el festival por el Cambio en total lleno la Plaza de Bol√≠var en Bogot√°. #MiVotoEsPetroYFrancia üíõüíô‚ù§Ô∏èüíöüíú	2023-03-01T13:31:15.514801Z	2023-03-01T13:31:15.514771Z	1	Si	Si
No		1528496806346334209	63	3.916	{"choices": ["Admiraci√≥n", "Confianza"]}	29	@Uriasv @Noti_Space #MiVotoEsPetroYFrancia  #MiVotoEsPetroYFrancia   Para nunca m√°s los padres tengan que enterrar a sus hijos  Para que la humanidad difnifique a todos sin estratos sociales  Para terminar el servicio Militar obligatorio   Para que la Salud Educaci√≥n vivienda sea para todos	2023-03-01T13:47:28.975230Z	2023-03-01T13:47:28.975193Z	1	Si	Si
No		1528518344894291968	64	7.022	{"choices": ["Admiraci√≥n", "Confianza"]}	30	si no es ahora no es nunca por eso #MiVotoEsPetroYFrancia	2023-03-01T13:47:41.064426Z	2023-03-01T13:47:41.064397Z	1	Si	Si
		1528556739259514881	60	13.988	Admiraci√≥n	31	#MiVotoEsPetroYFrancia En primera vuelta, el cambio en primera .	2023-03-01T13:46:33.500181Z	2023-03-01T13:46:33.500148Z	1	Si	Si
No		1528567752721674241	32	21.006	{"choices": ["Alegria", "Agrado"]}	32	Entonces, ya no es "amor eficaz", sino "amor pol√≠tico". Bueno, al fin y al cabo amor es amor.  #MiVotoEsPetroYFrancia	2023-03-01T13:31:53.170049Z	2023-03-01T13:31:53.170020Z	1	Si	Si
No		1528573411873767424	33	16.611	{"choices": ["Asco", "Desagrado"]}	33	@alexapo74206987 @GustavoBolivar En esto se fue la plata que se robaron cuando tumbaron la ley de garant√≠as. #MiVotoEsPetroYFrancia	2023-03-01T13:32:10.090765Z	2023-03-01T13:32:10.090731Z	1	Si	Si
No		1528600820840898561	65	8.625	Confianza	34	#MiVotoEsPetroYFrancia siiiiiii lleg√≥ el momento de hacer Historia, Colombia va a cambiar!! Seremos potencia mundial de la Vida y el progreso!! Salud, estudio, trabajo digno. #ElCambioEnPrimera #PetroPresidenteEnPrimeraVuelta	2023-03-01T13:48:02.103390Z	2023-03-01T13:48:02.103348Z	1	Si	Si
No		1528736735999451137	66	4.743	Confianza	35	#MiVotoEsPetroYFrancia mi voto es por la vida, por la libertad,por la pazüïäÔ∏è Mi voto es por el cambio.Dios permita llegue @petrogustavo y @FranciaMarquezM a la presidencia y vicepresidencia.Ansiosa de que llegue 29 de mayo para salir a votar #elcambioesenprimera #PetroPresidente	2023-03-01T13:48:13.689854Z	2023-03-01T13:48:13.689818Z	1	Si	Si
No		1528738793003573248	36	25.302	Desagrado	36	@darcyquinnr Esta desesperada. Jajajajaj que no se le note tanto el miedo. #MiVotoEsPetroYFrancia	2023-03-01T13:32:48.036669Z	2023-03-01T13:32:48.036579Z	1	Si	Si
No		1528750006269882368	37	17.553	{"choices": ["Admiraci√≥n", "Agrado", "Confianza"]}	37	#MiVotoEsPetroYFrancia   Son los √∫nicos que demuestran las competncias para gobernar este pa√≠s; estan lejos de la corrupci√≥n, luchan por nuestros derechos y tienen propuestas claras.	2023-03-01T13:33:05.972410Z	2023-03-01T13:33:05.972367Z	1	Si	Si
No		1528763021769703424	38	15.942	{"choices": ["Admiraci√≥n", "Agrado"]}	38	#MiVotoEsPetroYFrancia porque son los √∫nicos que encarnan el verdadero cambio que necesitamos la mayor√≠a de los colombianos.	2023-03-01T13:33:22.243330Z	2023-03-01T13:33:22.243264Z	1	Si	Si
No		1528839517926457346	67	11.644	{"choices": ["Alegria", "Confianza"]}	39	#MiVotoEsPetroYFrancia Colombia üá®üá¥ adolorida, quiere un cambio. Hoy esta imagen lo evidencia.	2023-03-01T13:48:38.104135Z	2023-03-01T13:48:38.104091Z	1	Si	Si
No		1528874251331448832	68	10.491	{"choices": ["Admiraci√≥n", "Confianza"]}	40	Ya me coloque al d√≠a con todos los progresistas que me siguen, y vamos todos con #CambioEnPrimera #ProgresistaSigueProgresista #MiVotoEsPetroYFrancia	2023-03-01T13:48:57.102855Z	2023-03-01T13:48:57.102818Z	1	Si	Si
No		1528879175779635200	69	5.255	Confianza	41	#MiVotoEsPetroYFrancia y el de la mayor√≠a de mi familia tambi√©n. El cambio en primera.	2023-03-01T13:49:12.755354Z	2023-03-01T13:49:12.755325Z	1	Si	Si
No		1528709193053749248	70	14.002	{"choices": ["Ira", "Asco"]}	42	#UnTramposoEs todos los que juntas en un Pacto para apoderarsen de un pa√≠s pr√≥spero y que Lucha d√≠a a d√≠a por salir adelante #PetroNuncaSer√°Presidente	2023-03-01T13:49:32.421961Z	2023-03-01T13:49:32.421924Z	1	Si	Si
No		1528728384674713601	43	17.606	{"choices": ["Asco", "Desagrado"]}	43	@lcvelez #UnTramposoEs un periodista que manipula sus preguntas a favor de su candidato preferido.	2023-03-01T13:34:02.840006Z	2023-03-01T13:34:02.839971Z	1	Si	Si
No		1528753300392263680	44	23.429	{"choices": ["Ira", "Asco"]}	44	@ELTIEMPO @IvanDuque @bbcmundo El pobre infeliz creci√≥ escuchando que todo lo que hac√≠a, lo hac√≠a bien. Hasta las cagadas se las aplaudieron. Y miren, hicieron de √©l un idiota empoderado, sin un atisbo de sensatez ni verg√ºenza. Definitivamente, la mediocridad y el conformismo imperan.  #UnTramposoEs	2023-03-01T13:34:26.583420Z	2023-03-01T13:34:26.583381Z	1	Si	Si
Si		1528756358622982144	45	43.1	{"choices": ["Ira", "Asco"]}	45	#UnTramposoEs    Rodolfo  Hern√°ndez    disque a luchar contra la corrupci√≥n   y el es  un  corrupto	2023-03-01T13:35:09.992484Z	2023-03-01T13:35:09.992454Z	1	No	Si
No		1528798890744504327	73	9.988	{"choices": ["Ira", "Asco"]}	46	Si duque se pudiera reelegir ud como votar√≠a si fueran las elecciones #UnTramposoEs	2023-03-02T17:13:34.021817Z	2023-03-02T17:13:29.731315Z	1	Si	Si
No		1528813507847901188	47	7.892	Ira	47	#UnTramposoEs El que se hace llamar anticorrupci√≥n y espera juicio por corrupto Vitalogic @ingrodolfohdez	2023-03-01T13:35:24.772256Z	2023-03-01T13:35:24.772213Z	1	Si	Si
No		1528828477813792772	71	12.622	{"choices": ["Ira", "Asco"]}	48	@GatoMota @Compensar_info @Audifarma_SA @Supersalud Y si uno pide las cajas completas @Audifarma_SA dice: que por ser a mano la f√≥rmula no se puede y @Compensar_info que no se puede porque as√≠ est√° estipulado MENTIROSOS! MA√ëOSOS! #UnTramposoEs	2023-03-01T13:49:54.517792Z	2023-03-01T13:49:54.517763Z	1	Si	Si
No		1528838295043690499	134	14.307	{"choices": ["Asco", "Desagrado"]}	49	#UnTramposoEs quien uno menos imagina! ‚òπÔ∏è	2023-03-02T17:38:22.454283Z	2023-03-02T17:38:22.454251Z	1	Si	Si
No		1528548733973143552	48	50.937	Admiraci√≥n	50	#FedericoEsColombia y el pueblo lo sabe.	2023-03-01T13:39:18.244344Z	2023-03-01T13:39:18.244276Z	1	Si	Si
		1528560498639241221	74	26.499	{"choices": ["Admiraci√≥n", "Agrado", "Confianza"]}	51	@andresguerraho @Saramilena69 @AlvaroUribeVel Uribe No est√° Presente fisicam/ pero esta en Nuestros Corazones, lo demostramos cuando #FedericoEsColombia Agradeci√≥ el Apoyo y Acompa√±amiento del @CeDemocratico la Ovaci√≥n fue ensordecedora. NO tenemos como Agradecerle al Presi Uribe todo lo que hace y sigue haciendo por C/bia.	2023-03-02T17:14:05.155010Z	2023-03-02T17:14:05.154975Z	1	Si	Si
No		1528571715667648513	75	15.833		52	Gran manifestaci√≥n en Medell√≠n.  #FedericoEsColombia	2023-03-02T17:14:21.297700Z	2023-03-02T17:14:21.297671Z	1	No	Si
No		1528575115541217280	76	13.247		53	#FedericoEsColombia Me uno Federico Guti√©rrez es Colombia.	2023-03-02T17:14:34.902380Z	2023-03-02T17:14:34.902307Z	1	No	Si
No		1528673828582350850	77	20.042	{"choices": ["Ira", "Asco"]}	54	#FedericoEsColombia Pat√°n ignorante, es el continuismo del narco uribismo, Duque 2.0,Uribe 3.0. Narcotra-FICO.	2023-03-02T17:14:55.262156Z	2023-03-02T17:14:55.262081Z	1	Si	Si
No		1528807640217882624	78	13.614	{"choices": ["Admiraci√≥n", "Confianza"]}	55	He le√≠do el plan de gobierno de FICO y no existen dudas que ser√° el mejor presidente en la historia de este pa√≠s üá®üá¥ #FedericoEsColombia #SantandereanosConFico @FicoGutierrez	2023-03-02T17:15:09.180975Z	2023-03-02T17:15:09.180919Z	1	Si	Si
No		1528682326233952257	79	113.162	{"choices": ["Desagrado", "Incertidumbre"]}	56	#MeInquieta que la w no crea en la cancelaci√≥n de elecciones, les recuerdo que tampoco cre√≠mos la jugadita con la ley de garant√≠as. En este pa√≠s todo puede pasar.	2023-03-02T17:17:02.700433Z	2023-03-02T17:17:02.700356Z	1	Si	Si
No		1528685416567693313	80	15.964	Desagrado	57	Que Duque haga una jugadita con Notarios, proc uraduria, fiscalia y vicepresidente para robar elecciones #MeInquieta	2023-03-02T17:17:18.989815Z	2023-03-02T17:17:18.989786Z	1	Si	Si
No		1528696091981631490	81	21.915	{"choices": ["Asco", "Desagrado"]}	58	#MeInquieta Que la w no pueda advertir la probabilidad de aplazamiento de elecciones en un gobierno tan corrupto y lleno de jugaditas.	2023-03-02T17:17:41.222311Z	2023-03-02T17:17:41.222274Z	1	Si	Si
No		1528706337315725312	82	44.661	Ira	59	#MeInquieta Andres Pastrana.  EL  EX   MAS TOXICO	2023-03-02T17:18:26.272690Z	2023-03-02T17:18:26.272624Z	1	Si	Si
		1528718181308809216	83	17.566	{"choices": ["Asco", "Desagrado"]}	60	#MeInquieta la polarizaci√≥n y la miseria profesional que demuestran muchos representantes  del cuarto poder..se perdi√≥ la imparcialidad..la objetividad..la dignidad y el respeto por dejar actuar a los que exponwn intereses personales por encima de la etica...	2023-03-02T17:18:44.138268Z	2023-03-02T17:18:44.138238Z	1	Si	Si
		1528750889967800320	84	17.883		61	#MeInquieta la historia de kathleen en Australia, felicitaciones por esa entrevista, estoy enganchado con ustedes desde la entrevista de Charles Manson	2023-03-02T17:19:02.323530Z	2023-03-02T17:19:02.323500Z	1		No
		1528808141797957632	85	11.065		62	@Vida_Senior_ #MeInquieta que sepan que tambien mantiene activo nuestro sistema nervioso y la mente, muy importante	2023-03-02T17:19:13.718991Z	2023-03-02T17:19:13.718961Z	1		No
		1528888946440085504	86	35.85		63	#ElDebateDefinitivo Para Petro: es inviable comprar paneles solares para tres millones de hogares. No existe suficiente oferta de estos en Colombia. Importarlos sale m√°s caro. Igualmente su instalaci√≥n Fabricarlos requiere miner√≠a para silicio No producen suficiente electricidad	2023-03-02T17:19:49.852240Z	2023-03-02T17:19:49.852209Z	1	No	Si
		1528894030704443392	87	117.678	Agrado	64	#ElDebateDefinitivo Compadre PETRO, ¬øIra usted al debate? En caso de ser positivo: Alerta M√°xima con los rayos l√°ser de Vicky D√°vila.  Que Dios le acompa√±e con su espalda e ilumine, para enfrentar esa jaur√≠a de Lobos.	2023-03-02T17:21:56.729487Z	2023-03-02T17:20:11.375398Z	1	No	Si
No		1528905984453787649	88	14.891	{"choices": ["Asco", "Desagrado"]}	65	En #ElDebateDefinitivo todos los candidatos metiendoles los dedos en la boca, diciendo que acabar√°n con la corrupci√≥n. Se√±ores, es m√°s f√°cil acabar con las drogas que con la corrupci√≥n. Maduren. ü§¶üèªü§°	2023-03-02T17:22:16.018564Z	2023-03-02T17:22:16.018523Z	1	Si	Si
No		1528907109320036356	89	77.963	{"choices": ["Admiraci√≥n", "Agrado"]}	66	Me perdonan pero a @petrogustavo nadie le gana en conocimiento de este pa√≠s.   Pum, Pam! Toma! Cepillo! Petro a todos.   #ElDebateDefinitivo	2023-03-02T17:23:34.299067Z	2023-03-02T17:23:34.299017Z	1	Si	Si
No		1528907867344060422	90	21.318	Admiraci√≥n	67	JAKALSHSKAKALS se re mato pensando la pregunta y el Petro fue re   Siks üëçüèª  #ElDebateDefinitivo  #DebateElTiempoSemana	2023-03-02T17:23:55.922961Z	2023-03-02T17:23:55.922929Z	1	Si	Si
Si		1528907950743597056	91	40.505	{"choices": ["Ira", "Desagrado"]}	68	Petro :‚ÄùUribe Uribe Uribe‚Äù  criticando el proceso de paz con los paramilitares que por deb√≠an ir a la justicia y no negociaci√≥n con el gobierno‚Ä¶. Curioso que con los crim√≠nales de lesa humanidad como son las FARC si es condescendiente #EldebateDefinitivo #PetroGanaDebate	2023-03-02T17:24:36.761927Z	2023-03-02T17:24:36.761884Z	1	Si	Si
No		1528911106865041411	92	32.877	{"choices": ["Ira", "Desagrado"]}	69	#ElDebateDefinitivo El modelo petrista ha sido probado en muchos pa√≠ses y, en todos ellos, ha aumentado la miseria y el sufrimiento de la gente. Fracas√≥ en la Uni√≥n Sovi√©tica, en la China de MAO, en Cuba y VeneZuela, entre otros	2023-03-02T17:25:09.984037Z	2023-03-02T17:25:09.983970Z	1	Si	Si
		1528909547569659906	93	21.609	{"choices": ["Ira", "Desagrado"]}	70	Alguien que le diga a @sergio_fajardo qu√© el debate es con datos, cifras y tanto calificativo y adjetivo de su propuesta. ¬°Ya la sabemos! Que cuente algo novedoso #ElDebateDefinitivo	2023-03-02T17:25:31.909044Z	2023-03-02T17:25:31.909008Z	1	Si	Si
No		1528909634634924033	94	11.525	{"choices": ["Admiraci√≥n", "Confianza"]}	71	En #ElDebateDefinitivo queda claro que @sergio_fajardo es el que puede unir a Colombia.	2023-03-02T17:25:43.814242Z	2023-03-02T17:25:43.814177Z	1	Si	Si
		1528908981628022786	95	25.585		72	Super gracioso que entre Petro y Fajardo se hacen preguntas de nivel t√©cnico y ambos entienden lo que proponen, pero Petro como Fajardo cuando se dirigen a Fico tienen que explicarle las cosas como si fuese un ni√±o...  ¬øEn serio ese se√±or es as√≠ de tonto?. #ElDebateDefinitivo	2023-03-02T17:26:09.735966Z	2023-03-02T17:26:09.735928Z	1	No	Si
No		1528910000416079872	96	13.776	{"choices": ["Ira", "Asco"]}	73	C√≥mo putas lleg√≥ fico a una candidatura presidencial? Ese man no dice nada ! #ElDebateDefinitivo	2023-03-02T17:26:40.975776Z	2023-03-02T17:26:19.839582Z	1	Si	Si
No		1528910277126803457	97	27.752	{"choices": ["Ira", "Asco"]}	74	#ElDebateDefinitivo El guerrillero Petro NO tiene nada que ver con la Constituci√≥n del 91. Se quiere ganar indulgencias con Avemar√≠as ajenas	2023-03-02T17:27:13.927153Z	2023-03-02T17:27:13.927115Z	1	Si	Si
		1528911538102353920	98	9.992		75	Hay que leer  Hay que leer   #ElDebateDefinitivo	2023-03-02T17:27:24.312720Z	2023-03-02T17:27:24.312671Z	1	No	Si
No		1528913179488681985	99	67.152	{"choices": ["Admiraci√≥n", "Confianza"]}	76	Parce ese Fico es muy nea, que pena con las neas que son todo bien todo copas, pero este se da garra. #ElDebateDefinitivo	2023-03-02T17:28:31.764473Z	2023-03-02T17:28:31.764436Z	1	Si	Si
		1528915125964529665	100	9.922		77	Dice @sergio_fajardo: "No est√° definida a√∫n esta campa√±a, hay que trabajar hasta el √∫ltimo minuto. No al llamado voto √∫til movido por medios de comunicaci√≥n" #YoVotoPorFajardo #ElDebateDefinitivo	2023-03-02T17:28:41.971525Z	2023-03-02T17:28:41.971491Z	1	No	Si
		1528913878016573441	101	7.907		78	#ElDebateDefinitivo : creo en propuestas, no encuestas	2023-03-02T17:28:50.226613Z	2023-03-02T17:28:50.226547Z	1	No	Si
		1528917567254974465	102	18.001	Confianza	79	Haremos un Pacto Hist√≥rico Nacional alrededor de las reformas fundamentales que necesita la sociedad para convivir en paz, para que est√© unida en la diversidad y la diferencia.    #ElDebateDefinitivo  #PetroGanaDebate	2023-03-02T17:29:08.539613Z	2023-03-02T17:29:08.539579Z	1	Si	Si
Si	Es como que se r√≠e, se burla de Fico...	1528918255418626052	103	35.332	Desagrado	80	Fico: ¬øpuedo rematar? Petro: terminar, puede terminar.  La costumbre üòú  #ElDebateDefinitivo	2023-03-02T17:29:44.196221Z	2023-03-02T17:29:44.196190Z	1	Si	Si
No		1528917494458683392	104	11.513	Admiraci√≥n	81	#ElDebateDefinitivo el dialogo es definitivo: Petro	2023-03-02T17:29:56.097735Z	2023-03-02T17:29:56.097663Z	1	Si	Si
No		1528919281618001921	105	14.561	Desagrado	82	El debate de hoy: flojo, flojo. El √∫nico que trat√≥ de ir m√°s all√° de la confrontaci√≥n fue Sergio Fajardo. ¬øEn serio van a regalarle su voto a los mismos de siempre?   #ElDebateDefinitivo	2023-03-02T17:30:10.955346Z	2023-03-02T17:30:10.955313Z	1	Si	Si
No		1528920379376410629	106	16.295	{"choices": ["Asco", "Desagrado"]}	83	#ElDebateDefinitivo   Fajardo dice: voy donde me convoquen...  Lo convoc√≥ @riosvivoscol... ¬°NO FUE!  Lo convocaron las madres de Soacha... ¬°NO FUE!  Eres un #Falsardo	2023-03-02T17:30:27.545334Z	2023-03-02T17:30:27.545301Z	1	Si	Si
No		1528920296773804032	107	25.295	{"choices": ["Asco", "Desagrado"]}	84	Vicky hizo esa pregunta a Rodolfo solo porque sabe que le est√° respirando en la nuca a alias "Fico" #EldebateDefinitivo	2023-03-02T17:30:53.204110Z	2023-03-02T17:30:53.204079Z	1	Si	Si
Si	Muestra su desagrado respecto a los debates... 	1528922981694676992	108	31.299	{"choices": ["Asco", "Desagrado"]}	85	En #ElDebateDefinitivo not√© algo muy diciente:  S√≥lo cuando hablaba un candidato (no dir√© qui√©n) aprovech√© para ir a hacer pip√≠, acomodar papeles, llevar la loza a la cocina y vainas as√≠...	2023-03-02T17:31:24.819646Z	2023-03-02T17:31:24.819612Z	1	Si	Si
Si		1528923555882311685	109	10.484	Admiraci√≥n	86	Lo mejor del #ElDebateDefinitivo ha sidoo #RodolfoPresidente. Que intervenciones tan magistrales.	2023-03-02T17:31:35.606540Z	2023-03-02T17:31:35.606510Z	1	Si	Si
No		1528921758610468866	110	12.944	{"choices": ["Asco", "Desagrado"]}	87	#ElDebateDefinitivo si cada cuatro a√±os es lo mismo, prometen llegan y todo es peor ¬øCu√°l es la garant√≠a de las personas que en estas elecciones est√° la esperanza de Colombia?	2023-03-02T17:31:48.929032Z	2023-03-02T17:31:48.928985Z	1	Si	Si
No		1528922202908811264	111	15.885	{"choices": ["Asco", "Desagrado"]}	88	el debate sin propuestas y de alimento para el morbo, moderadores flojos y acomodados, como si eso sorprendiera... #EldebateDefinitivo	2023-03-02T17:32:05.176651Z	2023-03-02T17:32:05.176610Z	1	Si	Si
		1528921243918925826	112	12.432		89	#ElDebateDefinitivo Y qu√©...  ¬øya les van a poner a hacer cabecitas?	2023-03-02T17:32:17.900838Z	2023-03-02T17:32:17.900802Z	1	No	Si
No		1528925076606881792	113	26.041	{"choices": ["Asco", "Desagrado"]}	90	La pregunta:  ¬øColombia es un pa√≠s machista? Fico: No  Fajardo: Si Petro: Si  Rodolfo: En el ba√±o   #ElDebateDefinitivo	2023-03-02T17:32:44.292540Z	2023-03-02T17:32:44.292498Z	1	Si	Si
No		1528926058141171713	114	19.99	{"choices": ["Asco", "Desagrado"]}	91	#ElDebateDefinitivo @sergio_fajardo  fue a vender ilusiones y convencer no a debatir no propone s√≥lo dice redundancias, me sorprende profe sera que de proyectos no sabe tanto como de licenciatura...	2023-03-02T17:33:04.593672Z	2023-03-02T17:33:04.593642Z	1	Si	Si
No		1528923808316497920	115	19.317	{"choices": ["Desagrado", "Incertidumbre"]}	92	#ElDebateDefinitivo Candidatos, ¬øCu√°l es el aporte con sus propuestas a los sectores m√°s fuertes de comercio a nivel nacional?  Ejemplo en Bogot√°, sector San Victorino y los San Andresitos que luchamos todos los d√≠as por dar empleo, cumplir impuestos, etc.	2023-03-02T17:33:24.210215Z	2023-03-02T17:33:24.210180Z	1	Si	Si
No	No me queda claro si en este caso la atenci√≥n est√° dividida	1528925778922070016	116	29.079	Admiraci√≥n	93	#ElDebateDefinitivo Se ve la clase y la decencia de Federico, mientras los otros cada uno habla por su lado buscando el bien individual, Federico sin odio, envidia y ning√∫n resentimiento. Los otros candidatos repitiendo y siguen en las mismas, no han aprendido nada.	2023-03-02T17:33:53.685835Z	2023-03-02T17:33:53.685805Z	1	No	Si
Si		1528925095359655936	117	23.507	{"choices": ["Asco", "Desagrado"]}	94	Otro poema en #ElDebateDefinitivo  Va a invitar a Nicol√°s Maduro a la posesi√≥n si gana? Y contesta Petro: No... el que invita es Duque. Luego, restablecer√≠a relaciones diplom√°ticas y comerciales   Guauuu...!!!	2023-03-02T17:34:17.510004Z	2023-03-02T17:34:17.509975Z	1	Si	Si
		1528923965921558534	118	9.879	Admiraci√≥n	95	"TE DARE GARANTIAS EN LA OPOSICI√ìN OME GUSTAVO" EXPRESA EL CANDIDATO @FicoGutierrez  QUE ACEPTA QUE YA PERDIO, GRANDE.  #ElDebateDefinitivo #PetroGanaDebate	2023-03-02T17:34:27.687404Z	2023-03-02T17:34:27.687374Z	1	No	Si
No		1528926554662883336	119	15.936	{"choices": ["Decepci√≥n", "Asco", "Desagrado"]}	96	Si este debate hablara, dir√≠a, como @sergio_fajardo: "Yo no inspiro nada" #ElDebateDefinitivo	2023-03-02T17:34:43.953966Z	2023-03-02T17:34:43.953924Z	1	Si	Si
No		1528926429097906178	120	7.448	Admiraci√≥n	97	El profesor es Fajardo, pero el que educa cada vez que habla es Petro #ElDebateDefinitivo My president ‚ù§Ô∏è	2023-03-02T17:34:51.710961Z	2023-03-02T17:34:51.710922Z	1	Si	Si
No		1528928604058529793	121	16.324	{"choices": ["Ira", "Asco"]}	98	Se le bajaron los Uribistas a Fico. Por eso se van con el @ingrodolfohdez Fico dice dizque no al glifosato, siii como no. #ElDebateDefinitivo	2023-03-02T17:35:08.349275Z	2023-03-02T17:35:08.349238Z	1	Si	Si
No	No me queda claro si en este caso la atenci√≥n est√° dividida	1528930507752448000	122	20.454	{"choices": ["Ira", "Asco", "Desagrado"]}	99	Hasta clase de matem√°ticas le termin√≥ dando Petro a Fajardo jajajajajajajajajaj mk ese fajardo est√° que llora muero  #ElDebateDefinitivo	2023-03-02T17:35:29.130860Z	2023-03-02T17:35:29.130830Z	1	Si	Si
No		1528930779346178048	123	9.193	Admiraci√≥n	100	Lo mejor que hizo @petrogustavo fue volver a los debates.   Da c√°tedra en este momento.   #ElDebateDefinitivo  #DebateElTiempoSemana	2023-03-02T17:35:38.621114Z	2023-03-02T17:35:38.621055Z	1	Si	Si
No		1528929897175035905	124	7.376	{"choices": ["Asco", "Desagrado"]}	101	Y Rodolfo? En casa, no tiene con qu√© debatir. Pa' el todas las respuestas es combatir la corrupci√≥n a punta de madrazos.  #ElDebateDefinitivo	2023-03-02T17:35:46.285220Z	2023-03-02T17:35:46.285191Z	1	Si	Si
No	No me queda claro si en este caso la atenci√≥n est√° dividida	1528931674905526273	125	20.164	Admiraci√≥n	102	Vea, @FicoGutierrez se acaba de quedar sin nada que hacer en #ElDebateDefinitivo.  @petrogustavo de nuevo le ha dado una c√°tedra de econom√≠a y desarrollo al pa√≠s. #PetroGanaDebate   #DebateElTiempoSemana	2023-03-02T17:36:12.669726Z	2023-03-02T17:35:59.924364Z	1	Si	Si
		1528933041535598593	126	7.425	{"choices": ["Ira", "Asco", "Desagrado"]}	103	#ElDebateDefinitivo Fico ¬ø50 billones de d√≥nde? Que tipo tan bruto. Tergiversando la realidad como siempre.	2023-03-02T17:36:23.171160Z	2023-03-02T17:36:23.171089Z	1	Si	Si
No	No me queda claro si en este caso la atenci√≥n est√° dividida	1528933046015107072	127	19.611	{"choices": ["Ira", "Asco", "Desagrado"]}	104	Fico se aprende lo que va a decir antes de los debates c√≥mo hac√≠a Duque hace 4 a√±os, hablando por hablar luego de esa peinada de Petro al profesor üòÇ #ElDebateDefinitivo	2023-03-02T17:36:43.070461Z	2023-03-02T17:36:43.070431Z	1	Si	Si
No		1528933743200718848	128	14.108	Admiraci√≥n	105	En #ElDebateDefinitivo Fajardo con sus preguntas hizo subir de votos a @petrogustavo en los votos de los indecisos. La ausencia del ingeniero ayud√≥ a Petro, Fico pierde s√≥lo. #PetroGanaDebate, es el √∫nico candidato que gana con argumentos.	2023-03-02T17:36:57.548887Z	2023-03-02T17:36:57.548855Z	1	Si	Si
No		1528935468351504384	129	8.617	{"choices": ["Decepci√≥n", "Asco", "Desagrado"]}	106	Comenzo el entrampamiento p√∫blico en el debate presidencial. Ya ni disimulan. #ElDebateDefinitivo	2023-03-02T17:37:06.521362Z	2023-03-02T17:37:06.521328Z	1	Si	Si
	No me queda claro si en este caso la atenci√≥n est√° dividida	1528934860546523138	130	14.057	{"choices": ["Ira", "Asco", "Desagrado"]}	107	#ElDebateDefinitivo petro no supera a Uribe V√©lez en su intervenci√≥n, lo primero que le sale de la boca es Uribe. As√≠ gana votos; es su bandera del enga√±o, lo convirti√≥ en el malo del paseo cuando los violentos fueron otros !!	2023-03-02T17:37:20.849912Z	2023-03-02T17:37:20.849879Z	1	Si	Si
No		1528934091428593665	131	9.79	{"choices": ["Asco", "Desagrado"]}	108	A Vicky D√°vila le fue mejor conduciendo el debate hace 4 a√±os. Cuando no fue nadie.  #ElDebateDefinitivo	2023-03-02T17:37:30.955152Z	2023-03-02T17:37:30.955116Z	1	Si	Si
No		1528935646378840066	132	10.171	{"choices": ["Admiraci√≥n", "Confianza"]}	109	#ElDebateDefinitivo @petrogustavo no tiene competencia, definitivamente es el ganador. Gana con argumentos claros y bueno, al parecer le va a ense√±ar a sumar a Fajardo.	2023-03-02T17:37:41.455189Z	2023-03-02T17:37:41.455159Z	1	Si	Si
No		1528935706625773568	133	17.483	{"choices": ["Decepci√≥n", "Asco", "Desagrado"]}	110	Fajardo quedo tan peinado que ya se quiere ir #ElDebateDefinitivo	2023-03-02T17:37:59.209311Z	2023-03-02T17:37:59.209278Z	1	Si	Si
		1528937331113218048	135	14.817		111	nadie pero de verdad nadie, Fico:  Cuando yo fui alcalde   #ElDebateDefinitivo	2023-03-06T01:26:40.966369Z	2023-03-06T01:26:40.966332Z	1	No	Si
No	No me queda claro si en este caso la atenci√≥n est√° dividida	1528938119038488576	136	17.923	Admiraci√≥n	112	Conclusi√≥n del Debate, quiero tener la paciencia de Petro para aguantar a gente como Fico  #ElDebateDefinitivo	2023-03-06T01:26:59.177747Z	2023-03-06T01:26:59.177717Z	1	Si	Si
No		1528938096313737222	137	23.761	{"choices": ["Ira", "Asco", "Desagrado"]}	113	Pues si es re tibio, adem√°s como hablas de respeto si ahorita insultaste re paila a Petro, wtf   #DebateElTiempoSemana  #ElDebateDefinitivo	2023-03-06T01:27:23.313580Z	2023-03-06T01:27:23.313536Z	1	Si	Si
	No me queda claro si es ir√≥nico o no respecto a Petro...	1528936806045171712	138	33.408		114	Hace preguntas y no le gustan las respuestas. El presidente profesor es Petro. A todos nos ense√±a!! #ElDebateDefinitivo	2023-03-06T01:27:57.027799Z	2023-03-06T01:27:57.027769Z	1	Si	Si
No		1528940661742915584	139	11.545	Ira	115	Qu√© desespero o√≠r a Fico. Es desastroso. Qu√© nivel de argumentaci√≥n y de conocimiento tan bajo. #ElDebateDefinitivo	2023-03-06T01:28:08.855677Z	2023-03-06T01:28:08.855648Z	1	Si	Si
No		1528940342694842368	140	12.584	{"choices": ["Ira", "Asco", "Desagrado"]}	116	En conclusi√≥n #ElDebateDefinitivo deja claro que Petro es un peligro. Mentiroso, arrogante, tramposo, encubridor, manipulador, violento, pasivo agresivo, resentido. En resumen, una porquer√≠a de ser humano, qu√© digo humano... un demonio.  Petro es el Pol Pot de Ci√©naga de Oro	2023-03-06T01:28:21.792188Z	2023-03-06T01:28:21.792157Z	1	Si	Si
No	Hay algo de iron√≠a en la primera parte...	1528940800427556865	141	75.877	{"choices": ["Ira", "Asco", "Desagrado"]}	117	Hey respeten a @sergio_fajardo el tipo ya tiene sue√±o y estas no son horas para preocuparse por un pa√≠s JAJAJAJAJAJAJAUAJAJAJAJA  Tibiazo de mierda!!!!! #PetroPresidente  #DebateElTiempoSemana  #ElDebateDefinitivo	2023-03-06T01:29:37.993082Z	2023-03-06T01:29:37.993048Z	1	Si	Si
No		1528939321939591168	142	11.899	{"choices": ["Ira", "Asco", "Desagrado"]}	118	Pobre #Fico me hace recordar mis primeras clases de C√°lculo Integral: no sab√≠a ni üí© , pero de todas formas asist√≠a, para que el profe me viera.  #ElDebateDefinitivo	2023-03-06T01:29:50.193245Z	2023-03-06T01:29:50.193214Z	1	Si	Si
		1528940068672524290	143	21.927	{"choices": ["Decepci√≥n", "Asco", "Desagrado"]}	119	No quer√≠a decir grocerias pero que maricada, ni los animadores se respetan la palabra. #PetroGanaDebate #ElDebateDefinitivo	2023-03-06T01:30:12.465731Z	2023-03-06T01:30:12.465702Z	1	Si	Si
No		1528943628432904195	144	9.29	{"choices": ["Ira", "Decepci√≥n", "Asco", "Desagrado"]}	120	Discursos de odio, promesas pretensiosas, inviables y muchos egos #ElDebateDefinitivo  Que Dios se apiade de COLOMBIA üôè	2023-03-06T01:30:22.052424Z	2023-03-06T01:30:22.052380Z	1	Si	Si
No	No me queda claro si en este caso la atenci√≥n est√° dividida	1528942476647706624	145	42.276	{"choices": ["Decepci√≥n", "Asco", "Desagrado"]}	121	#ElDebateDefinitivo @VickyDavilaH Deber√≠an aprender hacer un debate c√≥mo el que realiz√≥ la universidad externado, d√≥nde los candidatos hablaban de sus propuestas y no de ataques a otros candidatos. Les qued√≥ grande hacer un buen debate. #PetroGanaDebate @ELTIEMPO @RevistaSemana	2023-03-06T01:31:04.618261Z	2023-03-06T01:31:04.618219Z	1	Si	Si
No		1528944593894526976	146	13.617	{"choices": ["Ira", "Asco", "Desagrado"]}	122	Petro una vez m√°s dijo que Colombia es igual a Venezuela. A ese se√±or se le ve la cara de satisfacci√≥n cuando inserta mentiras descaradas en los cerebros vulnerables de los petristas.  #ElDebateDefinitivo	2023-03-06T01:31:18.615006Z	2023-03-06T01:31:18.614939Z	1	Si	Si
No		1528945925271461889	147	9.117	{"choices": ["Ira", "Asco", "Desagrado"]}	123	En #ElDebateDefinitivo el mit√≥mano de Petro neg√≥ haber dicho que va expropiar las pensiones de los colombianos en los fondos privados.	2023-03-06T01:31:28.015571Z	2023-03-06T01:31:28.015540Z	1	Si	Si
No		1528945830828310529	148	17.654	{"choices": ["Admiraci√≥n", "Agrado", "Confianza"]}	124	#ElDebateDefinitivo  Vicky a Fajardo: Pero es que Maria Angela Holg√ºin la tiene en la casa. Fajardo: Ella no tiene que estar all√°,  ella est√° donde quiere estar.  Una respuesta hermosa que resalta la importancia de la mujer en la sociedad y que no debe estar en la casa unicamente	2023-03-06T01:31:45.948435Z	2023-03-06T01:31:45.948405Z	1	Si	Si
No		1528944740732915712	149	37.145	{"choices": ["Ira", "Asco", "Desagrado"]}	125	Incendiaron el pa√≠s por una reforma tributaria mal presentada de 21 billones para que su Mes√≠as diga que quiere una de 50...adivinen de donde los piensa sacar. #ElDebateDefinitivo  @RevistaSemana	2023-03-06T01:32:23.456711Z	2023-03-06T01:32:23.456679Z	1	Si	Si
No		1528948873640689664	150	8.733	{"choices": ["Ira", "Asco", "Desagrado"]}	126	¬øQu√© tienen en com√∫n Sergio Fajardo y el Manchester United este mes?  Que ambos dieron sue√±o. #ElDebateDefinitivo	2023-03-06T01:32:32.474787Z	2023-03-06T01:32:32.474741Z	1	Si	Si
Si	Hay algo de iron√≠a en la pregunta ret√≥rica	1528946633701998593	151	38.39	{"choices": ["Asco", "Desagrado", "Incertidumbre"]}	127	@ingrodolfohdez  ¬øcual es el miedo de ir a los debates ? Se le acabo el discurso ‚Äúanti corrupci√≥n‚Äù o es por la escasez de propuestas üßêü§î #ElDebateDefinitivo	2023-03-06T01:33:11.157216Z	2023-03-06T01:33:11.157185Z	1	Si	Si
No		1528947981612883970	152	10.046	Admiraci√≥n	128	Despu√©s de almuerzo soy Fajardo #ElDebateDefinitivo	2023-03-06T01:33:21.521255Z	2023-03-06T01:33:21.521223Z	1	Si	Si
No		1528954945441091584	153	20.404	{"choices": ["Asco", "Desagrado"]}	129	Es que @sergio_fajardo,  si hasta @VickyDavilaH que no es santa de mi devoci√≥n, le dice que si va a asumir la presidencia tiene que acostrumbrarse a extenderse en el tiempo, como pas√≥ en el debate, amigo, usted est√° en la olla.  #ElDebateDefinitivo	2023-03-06T01:33:42.217662Z	2023-03-06T01:33:42.217607Z	1	Si	Si
Si		1528957102936432640	154	18.641	{"choices": ["Asco", "Desagrado"]}	130	Qui√©n no se va a querer ir a dormir oyendo a @petrogustavo con esa voz sexy y ahogada, recitar trabalenguas sin sentido para confundir a sus focas, haci√©ndoles creer que sabe m√°s de matem√°ticas que @sergio_fajardo üòÇ Que sue√±o profe! #ElDebateDefinitivo #FajardoPresidente	2023-03-06T01:34:01.155711Z	2023-03-06T01:34:01.155679Z	1	Si	Si
No		1529044725524844547	155	59.276	{"choices": ["Decepci√≥n", "Asco", "Desagrado", "Tristeza"]}	131	Por lo que leo, el odio, la desinformaci√≥n, los ataques y la polarizaci√≥n fueron protagonistas en el #ElDebateDefinitivo. Propuestas y debate real muy poquito ü§ê.	2023-03-06T01:35:00.828538Z	2023-03-06T01:35:00.828508Z	1	Si	Si
Si	Hay algo de iron√≠a en la pregunta ret√≥rica	1529052116177801217	156	50.697	{"choices": ["Ira", "Decepci√≥n", "Asco"]}	132	En #ElDebateDefinitivo Fico le refut√≥ a Petro que su exfuncionario Villegas hubiese tenido contactos con la oficina de Envigado, si mal no recuerdo, Villegas reconoci√≥ esos contactos en el acuerdo con la Fiscal√≠a. ¬øNecesitamos m√°s evidencias del nivel de cinismo del gre√±aldo?	2023-03-06T01:35:51.798139Z	2023-03-06T01:35:51.798093Z	1	Si	Si
	Es una pregunta...	1529077752376311810	157	24.13		133	#ElDebateDefinitivo porque si @sergio_fajardo y @petrogustavo est√°n planteando los mismos modelos pensiones por que al de fajardo no se le ha criticado como el de Petro?	2023-03-06T01:36:16.215263Z	2023-03-06T01:36:16.215209Z	1	No	Si
No		1529083489991245824	158	15.131	{"choices": ["Asco", "Desagrado"]}	134	En #ElDebateDefinitivo, Fajardo es el √∫nico personaje que se enoja porque tiene publicidad gratuita en TV y redes, pero a la misma vez recoje dinero en Vaki para aparecer en TV de manera no gratuita. Las matem√°ticas le fallaron al profesor.	2023-03-06T01:36:31.689168Z	2023-03-06T01:36:31.689119Z	1	Si	Si
		1529094981515878403	159	19.707	{"choices": ["Ira", "Asco", "Desagrado"]}	135	Me da risa que "intelectuales" est√©n pensando en votar por el anciano corrupto cuando √©ste ni plan de gobierno tiene, jam√°s se le ha escuchado de su boca m√°s que decretos a dedo y a la fuerza. Quiero ver c√≥mo lo destruyen en los debates q faltan. #ElDebateDefinitivo	2023-03-06T01:36:51.691293Z	2023-03-06T01:36:51.691259Z	1	Si	Si
No	No me queda claro si en este caso la atenci√≥n est√° dividida	1529110594477076480	160	35.361	{"choices": ["Asco", "Desagrado"]}	136	#ElDebateDefinitivo  Pens√© que Fajardo y Fico tra√≠an propuestas pero no. Han copiado las de @petrogustavo pero no saben como implementarlas. Petro en cambio explica el como de sus propuestas, les corrige los c√°lculos, les explica malentendidos y como resultado los hace ver mal	2023-03-06T01:37:27.320884Z	2023-03-06T01:37:27.320844Z	1	Si	Si
		1529115912237993985	161	40.509	{"choices": ["Admiraci√≥n", "Agrado"]}	137	Pueden ponerse de cabeza pero @JuanManSantos tuvo tan buen gobierno, que la mayor√≠a de sus exfuncionarios est√°n hoy en todas las campa√±as:  Prada con #Petro  Henao con #Fico  Cristo con #Fajardo   #ElDebateDefinitivo demostr√≥ que Santos uni√≥ a distintas corrientes pol√≠ticas.	2023-03-06T01:38:08.157802Z	2023-03-06T01:38:08.157773Z	1	Si	Si
		1529169653620162562	162	10.048	{"choices": ["Admiraci√≥n", "Agrado"]}	138	Petro en #ElDebateDefinitivo estuvo sencillo y claro. Y decirlo con esa palabrita que le encanta al gobierno uribista de @IvanDuque: CONTUNDENTE.   Su s√≠ntesis:   Colombianos, hay tres posturas: i) La del gobierno uribista, defendida ac√°; m√°s de lo mismo; m√°s uribismo.	2023-03-06T01:38:18.469028Z	2023-03-06T01:38:18.468999Z	1	Si	Si
No		1529176465329242112	163	40.571	{"choices": ["Ira", "Asco", "Desagrado"]}	139	#ElDebateDefinitivo En cualquier momento ese Fico comenzaba a dirigirse a los presentes c√≥mo Cucho: "pero mir√°ndome a losh ojosh Cucho"	2023-03-06T01:38:59.314512Z	2023-03-06T01:38:59.314478Z	1	Si	Si
		1529041350749995009	164	13.592	{"choices": ["Miedo", "Incertidumbre"]}	140	#AColombiaLePreocupa la falta de alimento que se avecina, la seguridad alimentaria est√° en riesgo. El trigo se escasea y la falta de soluciones por parte del gobierno.	2023-03-06T01:39:13.266765Z	2023-03-06T01:39:13.266735Z	1		
No		1529042913623171073	165	12.567	{"choices": ["Miedo", "Incertidumbre"]}	141	#AColombiaLePreocupa el empleo, la comida, la seguridad, la injusticia.....y poco le preocupa las agresiones entre los candidatos, es m√°s, les aburren esas broncas.	2023-03-06T01:39:26.105148Z	2023-03-06T01:39:26.105119Z	1	Si	Si
No		1529056078700466176	166	6.22	{"choices": ["Miedo", "Incertidumbre"]}	142	#AColombiaLePreocupa la p√©rdida de empatia y la polarizaci√≥n.	2023-03-06T01:39:32.630894Z	2023-03-06T01:39:32.630864Z	1	Si	Si
No		1529068797537271808	167	19.377	{"choices": ["Asco", "Desagrado", "Miedo", "Incertidumbre"]}	143	#AColombiaLePreocupa NADA, es tal el inconformismo con los gobernantes que la contienda se basa solo en quien ladra mas, triste pero es en lo que nos han convertido estas ratas manipuladoras	2023-03-06T01:39:52.319327Z	2023-03-06T01:39:52.319292Z	1	Si	Si
No		1529074762265284615	168	10.955	{"choices": ["Asco", "Desagrado", "Miedo", "Incertidumbre"]}	144	#AColombiaLePreocupa es la relaci√≥n de @AndresPastrana_ con la Uni√≥n Temporal Disproel, que es la que hace el conteo corrupto desde hace m√°s de 20 a√±os. ¬øPasos de animal grande sobre el control de las elecciones?	2023-03-06T01:40:03.564205Z	2023-03-06T01:40:03.564151Z	1	Si	Si
		1529104683901628416	169	25.614	{"choices": ["Desagrado", "Miedo", "Incertidumbre"]}	145	#AColombiaLePreocupa que est√° madrugada una funcionaria de la Andi en tierra de sue√±os de rcn haya dicho que Colombia es autosuficiente para todo el 2022 en insumos agr√≠colas..y que hasta hay para exportar..entonces porque los alimentos nacionales se han subido hasta en un.200%	2023-03-06T01:40:29.463030Z	2023-03-06T01:40:29.462999Z	1	Si	Si
No		1529105618988056577	170	17.664	{"choices": ["Asco", "Desagrado", "Miedo", "Incertidumbre"]}	146	Hoy no es un #FelizMartes Hoy es el dia del golpe de estado que anunci√≥ Gustavo Petro hace unos d√≠as. Que nervios! üò¨ #AColombiaLePreocupa	2023-03-06T01:40:47.497000Z	2023-03-06T01:40:47.496930Z	1	Si	Si
No		1529105460586074112	171	16.346	{"choices": ["Asombro", "Asco", "Desagrado", "Odio"]}	147	#AColombiaLePreocupa tanto bruto que salen a decir.que lo que  expuso el hampon del cacas es una gran propuesta de Econom√≠a h√°game el favor esa gente que clase de üí©üí©üí© tiene en la cabeza	2023-03-06T01:41:04.157331Z	2023-03-06T01:41:04.157296Z	1	Si	Si
No		1529125117552386048	172	8.076	{"choices": ["Miedo", "Incertidumbre"]}	148	#AColombiaLePreocupa que la carne de res se convierta en un recuerdo rom√°ntico como alimento.	2023-03-06T01:41:12.532963Z	2023-03-06T01:41:12.532929Z	1	Si	Si
No		1529129369079275522	173	1601.398	{"choices": ["Miedo", "Incertidumbre"]}	149	#AColombiaLePreocupa el freno en la econom√≠a que se ver√° en los pr√≥ximos 4 a√±os, el horizonte no es prometedor. ü§¶‚Äç‚ôÇÔ∏èüá®üá¥üò•	2023-03-06T02:07:54.304709Z	2023-03-06T02:07:54.304678Z	1	Si	Si
		1529150539837104130	174	51.148		150	Yo le hago una pregunta a los colombianos Uribistas extranjeros les preocupa que Colombia se convierta en una Venezuela, por que decidieron irse de Colombia cuando supuestamente estamos en un mar de rosas y todo es paz y amor?? #AColombiaLePreocupa	2023-03-06T02:08:45.725081Z	2023-03-06T02:08:45.725050Z	1	No	Si
		1529044948309393413	175	17.957	{"choices": ["Admiraci√≥n", "Confianza"]}	151	Un sue√±o a un cambio a una esperanza a una segunda oportunidad que nos est√° dando la vida pol√≠tica petro presidente #LeApuestoA	2023-03-06T02:09:04.031345Z	2023-03-06T02:09:04.031316Z	1	Si	Si
		1529046298749435905	176	15.538		152	@lafm #LeApuestoA Colombia terminar√° otra vez vendi√©ndole a Venezuela el 33% de su producci√≥n o m√°s.	2023-03-06T02:09:19.865157Z	2023-03-06T02:09:19.865122Z	1	No	Si
		1529062806435274754	177	24.219	{"choices": ["Incertidumbre", "Tristeza"]}	153	Esta ma√±ana #leapuestoa que los que votar√°n por el que no debe ser, no ser√°n capaces de devolvernos el pa√≠s de los derechos. Hoy tenemos la posibilidad de decidir. Despu√©s quedaremos sumidos en el NO, si no est√°s de acuerdo con un gobierno ruin perpetuo.	2023-03-06T02:09:44.409788Z	2023-03-06T02:09:44.409747Z	1	Si	Si
No		1528908549681717254	178	8.892	{"choices": ["Ira", "Asco", "Desagrado"]}	154	#UnTramposoEs el se√±or de las bolsas	2023-03-06T02:09:53.654380Z	2023-03-06T02:09:53.654349Z	1	Si	Si
No		1528920313811111936	179	11.795	{"choices": ["Ira", "Asco", "Desagrado"]}	155	#UnTramposoEs Federico Guti√©rrez que se copia de las propuestas de otros candidatos.	2023-03-06T02:10:05.760595Z	2023-03-06T02:10:05.760530Z	1	Si	Si
		1528919348567494658	180	16.991	{"choices": ["Ira", "Asco", "Desagrado"]}	156	@lcvelez @lafm #UnTramposoEs aquel periodista que es imparcial con los candidatos y a uno le hace reto rockero al otro ni le deja hablar para explicar una reforma pensional. Asi son los tramposos y canallas üòÖ por lo menos que haga un acto de caballerosidad @lcvelez	2023-03-06T02:10:23.055127Z	2023-03-06T02:10:23.055096Z	1	Si	Si
No		1528959723965390851	181	18.188	{"choices": ["Ira", "Asco", "Desagrado"]}	157	Es el que quiere vender un guerrillero como el cambio #UnTramposoEs	2023-03-06T02:10:41.600841Z	2023-03-06T02:10:41.600809Z	1	Si	Si
No		1529126348517785607	182	26.212	{"choices": ["Ira", "Asco", "Desagrado"]}	158	#UnTramposoEs el que descubriremos cuando levantemos el tapete de la Casa de Nari√±o y veamos el mugre escondido.	2023-03-06T02:11:08.100161Z	2023-03-06T02:11:08.100130Z	1	Si	Si
		1529162247557337089	183	7.575		159	#GrandezaEs alcanzar esas metas por las que trabajas a diario.	2023-03-06T02:11:15.963592Z	2023-03-06T02:11:15.963563Z	1		No
		1529161557342420992	184	10.911		160	Oigan yo no sab√≠a lo rica que es Natumalta, y adem√°s no engorda, es pura y me cuida #GrandezaEs	2023-03-06T02:11:27.278930Z	2023-03-06T02:11:27.278877Z	1		No
		1529160306059923456	185	12.049		161	#GrandezaEs que nos guste el asado con Natumalta	2023-03-06T02:11:39.619012Z	2023-03-06T02:11:39.618969Z	1		No
		1529160550403526656	186	4.642		162	#GrandezaEs comerse la bandeja paisa completa	2023-03-06T02:11:44.536091Z	2023-03-06T02:11:44.536038Z	1		No
		1529167213864927233	187	2.891		163	#GrandezaEs la energ√≠a que da Natumalta pal almuercito üòç	2023-03-06T02:11:47.749962Z	2023-03-06T02:11:47.749932Z	1		No
Si		1529403760224641026	188	12.61		164	#VotoPor el candidato que obligue a @McDonaldsCol a poner pimienta otra vez.	2023-03-06T02:12:00.657480Z	2023-03-06T02:12:00.657428Z	1	No	Si
		1529407183498223616	189	18.54	{"choices": ["Ira", "Asco", "Desagrado", "Confianza"]}	165	@darcyquinnr   #VotoPor  ti, Voto por mi voto por todos y que se acabe esta sinverguenceria mal llamada elecciones, que son una excusa de infamias,  atropeyos, mentiras, enga√±os,hipocrecias y degravios.	2023-03-06T02:12:19.523979Z	2023-03-06T02:12:19.523941Z	1	Si	Si
		1529419440084885505	190	12.075		166	@lafm #VotoPor la creaci√≥n de oportunidades artificiales para darle curso a la econom√≠a.	2023-03-06T02:12:31.920459Z	2023-03-06T02:12:31.920413Z	1	No	Si
No		1529449043042107393	191	15.106	{"choices": ["Ira", "Asco", "Desagrado"]}	167	@darcyquinnr #votoPor que la NARCO CORRUPTELA comience a pagar impuestos como el resto de Colombianos.	2023-03-06T02:12:47.299608Z	2023-03-06T02:12:47.299566Z	1	Si	Si
		1529458768798523393	192	26.752	{"choices": ["Asco", "Desagrado", "Alegria", "Confianza"]}	168	#VotoPor quien no tiene que acudir al populismo, politiquer√≠a y enga√±os para ganar votantes, lleg√≥ la hora de votar objetivamente.	2023-03-06T02:13:14.326428Z	2023-03-06T02:13:14.326397Z	1	Si	Si
No		1529463101942276096	193	8.58	Admiraci√≥n	169	#VotoPor un cambio, voto por Petro	2023-03-06T02:13:23.277083Z	2023-03-06T02:13:23.277031Z	1	Si	Si
No		1529471073716256770	194	11.673	{"choices": ["Admiraci√≥n", "Confianza"]}	170	@lafm #VotoPor #FajardoPresidente #UnPresidenteProfesor üíö, porque sus propuestas son reales, por su serenidad y porque ha hecho juicioso la tarea de presentar un programa a favor del medio ambiente üíö	2023-03-06T02:13:35.230234Z	2023-03-06T02:13:35.230204Z	1	Si	Si
No	No es iron√≠a pero el voto se define por la negativa... 	1529549160805974017	195	33.805	{"choices": ["Asco", "Desagrado"]}	171	#VotoPor...FICO, jam√°s le dar√≠a mi voto a una persona que siempre le ha deseado el mal al pais.	2023-03-06T02:14:09.344266Z	2023-03-06T02:14:09.344236Z	1	Si	Si
No		1529557468027801600	196	21.55	{"choices": ["Asco", "Desagrado"]}	172	Yo no #VotoPor x alguien q haya da√±ado o atentado contra la vida o dignidad de una persona, menos por alguien cuya actitud o comportamiento no sea coherente o respetuosa de los derechos fundamentales y menos si tiene  prop√≥sitos de dividir, incitar y promover diferencias y odios.	2023-03-06T02:14:31.244095Z	2023-03-06T02:14:31.244058Z	1	Si	Si
No	Hay afirmaciones negativs y positivas... 	1529598699789336578	197	54.992	Desagrado	173	#VotoPor la libre empresa, por mi pensi√≥n, por la No democratizaci√≥n, por no terminar en los sem√°foros de un pa√≠s extranjeros pidiendo limosna.	2023-03-06T02:15:26.565872Z	2023-03-06T02:15:26.565829Z	1	Si	Si
		1529599896264880128	198	6.798		174	#VotoPor el candidato con mayor capacidad intelectual.	2023-03-06T02:15:33.642422Z	2023-03-06T02:15:33.642392Z	1	No	Si
		1529413621968961536	199	12.205		175	#YaEsSuficiente el seguir creyendo  que el problema en #EEUU es por las armas legales, el problema es de salud mental; si la prohibici√≥n fuese la soluci√≥n #Colombia ser√≠a un para√≠so sin muertes violentas. @WRadioColombia	2023-03-06T02:15:46.179599Z	2023-03-06T02:15:46.179568Z	1	No	Si
No		1529415854890287104	200	8.197	{"choices": ["Asco", "Desagrado"]}	176	#YaEsSuficiente La hegemon√≠a de los mismos partidos de siempre	2023-03-06T02:15:54.689730Z	2023-03-06T02:15:54.689694Z	1	Si	Si
No		1529425668525674497	201	13.768	{"choices": ["Asco", "Desagrado", "Confianza"]}	177	#YaEsSuficiente la corrupci√≥n estatal que es la evidencia de nuestra falta de √©tica como pueblo. La educaci√≥n es nuestro camino.	2023-03-06T02:16:08.788933Z	2023-03-06T02:16:08.788898Z	1	Si	Si
No	No me queda claro si en este caso la atenci√≥n est√° dividida	1529434388546699264	202	34.326	{"choices": ["Asco", "Desagrado", "Miedo"]}	178	#YaEsSuficiente que el pa√≠s siga en manos de las mafias pol√≠ticas que han coptado el Estado en cabeza del uribismo; √©stas merecen ser liquidadas  para que Colombia tenga otra historia con paz, justicia social y democracia. Por eso #VotoPor @petrogustavo y @FranciaMarquezM	2023-03-06T02:16:43.460730Z	2023-03-06T02:16:43.460698Z	1	Si	Si
No		1529438468434190337	203	9.796	{"choices": ["Asco", "Desagrado"]}	179	#YaEsSuficiente de comerle cuento a Rodolfo Hern√°ndez, no va a debates por que no tiene nada que decir, no maneja cifras, no tiene claridad en sus propuestas.	2023-03-06T02:16:53.520579Z	2023-03-06T02:16:53.520548Z	1	Si	Si
No		1529443571777957890	204	15.88	{"choices": ["Ira", "Asco", "Desagrado"]}	180	@Enrique_GomezM Ud hablando de √©tica cuando trata de explotar la imagen de su t√≠o quien no pudo ser presidente porque el pueblo le cobr√≥ en las urnas lo de su abuelo laureano que acab√≥ las libertades dando sable y sotana mientras ten√≠a al pa√≠s en estado de sitio. #yaessuficiente de usted	2023-03-06T02:17:09.698049Z	2023-03-06T02:17:09.698018Z	1	Si	Si
		1529444366275825671	205	5.389		181	#YaEsSuficiente que  no me den cafe sin dos panes como minimo	2023-03-06T02:17:15.453013Z	2023-03-06T02:17:15.452982Z	1		No
		1529507767261794305	206	8.891		182	#YaEsSuficiente Baste ya el tiempo pasado para haber hecho lo que agrada a los gentiles, andando en lascivias, concupiscencias, embriagueces, org√≠as, disipaci√≥n y abominables idolatr√≠as. 1 Pedro 4: 3.	2023-03-06T02:17:24.650230Z	2023-03-06T02:17:24.650198Z	1		No
No		1529468360983040001	207	8.683	{"choices": ["Ira", "Asco", "Desagrado"]}	183	No le dar√° verg√ºenza a Guti√©rrez andar de copietas de las propuestas de Petro y, para completar, hacerlo mal!  El nivel de mediocridad es insuperable.  #ElDebateDefinitivo	2023-03-06T02:17:33.618478Z	2023-03-06T02:17:33.618439Z	1	Si	Si
Si	Parece una pregunta ret√≥rica	1529464259402420224	208	31.79	{"choices": ["Asco", "Desagrado"]}	184	#VanessaPreg√∫nteleAFico si va hacer el proceso de paz ,como lo impremento  con santos y adem√°s el di√≥ el si	2023-03-06T02:18:05.732938Z	2023-03-06T02:18:05.732907Z	1	Si	Si
	Hay algo de iron√≠a en la pregunta ret√≥rica	1529478294525165573	209	32.732	{"choices": ["Asco", "Desagrado"]}	185	#VanessaPreg√∫nteleAFico cu√°les son sus v√≠nculos con las cementeras proveedoras para obras en su alcald√≠a , y por qu√© cobraban el bulto de cemento con un costo extra de 95%	2023-03-06T02:18:38.760586Z	2023-03-06T02:18:38.760544Z	1	Si	Si
No		1529494967965536256	210	11.913	{"choices": ["Asco", "Desagrado", "Odio"]}	186	#VanessaPreg√∫nteleAFico Vot√© por este sujeto en Medell√≠n porque la otra opci√≥n era @jcvelezuribe  Escoger entre gonorrea y s√≠filis	2023-03-06T02:18:50.938377Z	2023-03-06T02:18:50.938326Z	1	Si	Si
No		1529567083268284422	211	15.509	{"choices": ["Admiraci√≥n", "Confianza"]}	187	#ConvenceUnoM√°sPorPetro para no desaprovechar esta oportunidad hist√≥rica de elegir #ElCambioEnPrimera.	2023-03-06T02:19:06.801556Z	2023-03-06T02:19:06.801488Z	1	Si	Si
No		1529611482857713664	212	13.085	{"choices": ["Admiraci√≥n", "Confianza"]}	188	#convenceunomasporPetro todos los d√≠as 3 y 4 personas no perdono unos votos mas, por las  generaciones futuras doy mi granito de arena. #VivirSabroso #PactoHistorico	2023-03-06T02:19:20.186160Z	2023-03-06T02:19:20.186123Z	1	Si	Si
No		1529781689794404353	213	7.026	{"choices": ["Admiraci√≥n", "Confianza"]}	189	Por el bien de Colombia  #FicoElGanador	2023-03-06T02:19:27.521874Z	2023-03-06T02:19:27.521838Z	1	Si	Si
		1529787150631374855	214	6.932	{"choices": ["Admiraci√≥n", "Confianza"]}	190	#FicoElGanador por que colombia no puede perder la democracia	2023-03-06T02:19:34.801283Z	2023-03-06T02:19:34.801244Z	1	Si	Si
No		1529824506637713410	215	6.76	{"choices": ["Admiraci√≥n", "Confianza"]}	191	@FicoGutierrez Propuestas viables y que favorecen la econom√≠a de todos los colombianos, este 29 de mayo yo me sumo y me identiFICOüá®üá¥ #FicoElGanador	2023-03-06T02:19:41.824318Z	2023-03-06T02:19:41.824275Z	1	Si	Si
No		1529834290636267521	216	20.378	{"choices": ["Admiraci√≥n", "Confianza"]}	192	@jcpastrana Y por las jugaditas logisticas politicas; despertaron a nuestros compatriotas #FicoElGanador	2023-03-06T02:20:02.535531Z	2023-03-06T02:20:02.535482Z	1	Si	Si
		1529843575814504451	217	9.134	{"choices": ["Admiraci√≥n", "Confianza"]}	193	#FicoElGanador Fico debe ganar en primera vuelta tiene el mejor programa de gobierno	2023-03-06T02:20:12.018297Z	2023-03-06T02:20:12.018265Z	1	Si	Si
No		1529871959038775300	218	39.289	{"choices": ["Ira", "Asco", "Desagrado"]}	194	@jarizabaletaf Oiga pues, por eso este corrupto y misogeno se√±or no puede ser presidente. #FicoElGanador	2023-03-06T02:20:51.619299Z	2023-03-06T02:20:51.619231Z	1	Si	Si
No		1529876993252151297	219	20.211000000000002	{"choices": ["Admiraci√≥n", "Confianza"]}	195	#FicoElGanador #ElMejorCandidatoEs  #DebateDefinitivo  Sin recurrir a fanatismo y basandonos en los dos √∫ltimos debates definitivos y sobretodo con sus Argumentos, ¬øcon cual candidato se queda?  Por favor RT para que llegue a mas gente ‚ò∫Ô∏èü§ó.. Feliz D√≠a a Todos üëç	2023-03-06T02:21:21.923879Z	2023-03-06T02:21:08.654522Z	1	Si	Si
No		1529900848033189905	220	7.054	{"choices": ["Admiraci√≥n", "Confianza"]}	196	Se siente en Bogot√°, se siente en Colombia #FicoElGanador @FicoGutierrez	2023-03-06T02:21:16.043672Z	2023-03-06T02:21:16.043620Z	1	Si	Si
No		1529965222215180343	221	13.473	{"choices": ["Admiraci√≥n", "Confianza"]}	197	@VickyDavilaH Duque en menos de 2 meses se apunt√≥ 2 golazos.  Matamba y Gentil quietos en primera.  El pueblo ya decidi√≥. #FicoElGanador  #FicoElGanador  #FicoElGanador	2023-03-06T02:21:49.006095Z	2023-03-06T02:21:49.006064Z	1	Si	Si
No		1529970563606798346	222	6.719	{"choices": ["Admiraci√≥n", "Confianza"]}	198	La esperanza est√° en lo m√°s alto #FicoElGanador	2023-03-06T02:21:56.009613Z	2023-03-06T02:21:56.009570Z	1	Si	Si
No		1529782233095184385	223	9.848	{"choices": ["Admiraci√≥n", "Agrado"]}	199	#elmejorcandidatoes PETRO SIN LUGAR A DUDAS	2023-03-06T02:22:06.169964Z	2023-03-06T02:22:06.169933Z	1	Si	Si
No		1529789075787489285	224	9.461	{"choices": ["Admiraci√≥n", "Agrado"]}	200	#ElMejorCandidatoEs #RodolfoPresidente un hombre que reconoce sus errores y que sabe que hay que hacer	2023-03-06T02:22:15.974162Z	2023-03-06T02:22:15.974090Z	1	Si	Si
No		1529795931389952000	225	14.962	{"choices": ["Admiraci√≥n", "Confianza"]}	201	#ElMejorCandidatoEs el que piensa en los m√°s de 50 millones de colombianos, especialmente los excluidos, marginados, que han tenido pocas oportunidades y que sus propuestas conviertan a Colombia en sostenible.	2023-03-06T02:22:31.281772Z	2023-03-06T02:22:31.281729Z	1	Si	Si
No		1529808974740082689	226	13.993	Confianza	202	#ElMejorCandidatoEs EL QUE TENGA LOS PIES EN LA TIERRA, QUE NO PROMETA LO IMPOSIBLE.	2023-03-06T02:22:45.560493Z	2023-03-06T02:22:45.560463Z	1	Si	Si
No		1529822396177256449	227	7.554	{"choices": ["Admiraci√≥n", "Confianza"]}	203	#ElMejorCandidatoEs sin duda @petrogustavo; es notable su conocimiento y conexi√≥n con el pa√≠s y los problemas estructurales e hist√≥ricos, ante lo cual hace propuestas concretas y coherentes para un cambio profundo, uno por la vida.	2023-03-06T02:22:53.452645Z	2023-03-06T02:22:53.452616Z	1	Si	Si
No		1529822966271205379	228	6.89	{"choices": ["Admiraci√≥n", "Confianza"]}	204	#ElMejorCandidatoEs Petro, por su inteligencia pol√≠tica, y por su inter√©s en la democracias y la humanidades	2023-03-06T02:23:04.082493Z	2023-03-06T02:23:04.082428Z	1	Si	Si
		1529828664526913537	229	21.753		205	#ElMejorCandidatoEs el que tenga el pa√≠s en la cabeza y no en la tablets y chats del celular	2023-03-06T02:23:26.147399Z	2023-03-06T02:23:26.147363Z	1	No	Si
		1529828911038726146	230	11.435	{"choices": ["Admiraci√≥n", "Agrado", "Confianza"]}	206	#ElMejorCandidatoEs Petro, conoce las necesidades de todos los colombianos, en especial de los m√°s pobres, su programa integra soluciones en temas de trabajo, salud, acceso a la educaci√≥n y lucha contra el cambio clim√°tico y contra la corrupci√≥n.	2023-03-06T02:23:37.941700Z	2023-03-06T02:23:37.941638Z	1	Si	Si
No		1529827467870994433	231	12.145	Admiraci√≥n	207	#ElMejorCandidatoEs sin lugar a dudas Gustavo Petro üëçüí™üá®üá¥	2023-03-06T02:23:54.264033Z	2023-03-06T02:23:47.842364Z	1	Si	Si
No	No me queda claro si en este caso la atenci√≥n est√° dividida	1529832063125315584	232	16.132	Desagrado	208	En #ElDebateDecisivo pudimos ver en lo progresistas que se han vuelto Fajardo y Fico.  Eso no es malo, pero realmente no tienen intenci√≥n de hacer cambios para favorecer a los menos favorecidos.  #ElMejorCandidatoEs sin duda es Petro.	2023-03-06T02:24:17.932932Z	2023-03-06T02:24:17.932864Z	1	Si	Si
No		1529833859088531458	233	8.739	{"choices": ["Admiraci√≥n", "Confianza"]}	209	#ElMejorCandidatoEs #FicoGanador, tiene la mejor propuesta en infraestructura terminar las 4G e Iniciar las 5G, V√≠as terciarias para el campo, infraestructura energetica para reducir el costo de servicios en el Caribe Colombiano y avanzar en el proyecto de Metro de Bogota.	2023-03-06T02:24:26.952708Z	2023-03-06T02:24:26.952677Z	1	Si	Si
No		1529839716538933249	234	13.642	{"choices": ["Decepci√≥n", "Tristeza"]}	210	#ElMejorCandidatoEs todos tienen las propuestas que el pais necesita,pero   mucho hay del trecho al hecho,es imposible muchas de ellas cumplirlas,solo veamos al saliente que dificilmente todo lo que prometio,cumplio,que tristeza.	2023-03-06T02:24:40.903680Z	2023-03-06T02:24:40.903646Z	1	Si	Si
		1529840022072999938	235	11.819		211	#ElMejorCandidatoEs el que usted escoja, el que l@ enamor√© con propuestas, lo importante es q usted conozca las ideas por las que va a votar y no se deje influenciar por el que diga alguien, o por el conocido "todos menos este" , es votar con conciencia de su voto depende el pa√≠s	2023-03-06T21:59:46.512119Z	2023-03-06T21:59:46.512094Z	1	No	Si
No		1529852871998681088	236	8.127	{"choices": ["Admiraci√≥n", "Confianza"]}	212	#ElMejorCandidatoEs El que la gente pide a gritos y necesita Colombia üá®üá¥ un cambio radical y necesario. Definitivamente Gustavo Petro. üá®üá¥üá®üá¥üá®üá¥üá®üá¥üôèüôèüôèüôèüôè	2023-03-06T21:59:55.019142Z	2023-03-06T21:59:55.019047Z	1	Si	Si
No		1529863305816326145	237	6.962	{"choices": ["Admiraci√≥n", "Confianza"]}	213	#ElMejorCandidatoEs Gustavo Petro. Incorrupto, inteligente, excelente administrador y lo ha demostrado.	2023-03-06T22:00:02.355883Z	2023-03-06T22:00:02.355853Z	1	Si	Si
Si		1529798985699012610	238	18.849	{"choices": ["Asco", "Desagrado"]}	214	Hubieran organizado el #ElDebateDecisivo m√°s tarde. ¬ø@petrogustavo estar√° quit√°ndose el guayabo (resaca) de lo de Piedad C√≥rdoba con alg√∫n producto blanco?	2023-03-06T22:00:25.746137Z	2023-03-06T22:00:25.746110Z	1	Si	Si
		1529800926596321280	239	10.846		215	Que diferencia de debate, una cosa es la profesionalidad de @robertopomboh y por el otro lado est√° @VickyDavilaH  La diferencia es abismal, tan solo en las preguntas se evidencia!  #ElDebateDecisivo	2023-03-06T22:00:36.893404Z	2023-03-06T22:00:36.893374Z	1	No	Si
No		1529800873089675265	240	9.021	{"choices": ["Asco", "Desagrado"]}	216	@FicoGutierrez leyendo No le da la corteza cerebral para decir las cosas? #ElDebateDecisivo	2023-03-06T22:00:46.237169Z	2023-03-06T22:00:46.237128Z	1	Si	Si
		1529805792987299845	241	5.594		217	"Es importante erradicar la brecha digital, no puede ser posible que la mitad de los colombianos sigan totalmente desconectados": @FicoGutierrez, en el #ElDebateDecisivo  #FicoElGanador	2023-03-06T22:00:52.187919Z	2023-03-06T22:00:52.187882Z	1	No	Si
No		1529809082412048385	242	9.223	Desagrado	218	Dice Fico: vamos a hacer una reforma tributaris sensata, que es una manera de no decir nada.  #ElDebateDecisivo	2023-03-06T22:01:01.693280Z	2023-03-06T22:01:01.693252Z	1	Si	Si
No		1529807259735302146	243	8.681	{"choices": ["Asco", "Desagrado"]}	219	#ElDebateDecisivo @petrogustavo A√∫n la audiencia est√° esperando una disculpa, es que llegar tarde es una falta de respeto al elector y no disculparse demuestra su arrogancia.	2023-03-06T22:01:10.681033Z	2023-03-06T22:01:10.680992Z	1	Si	Si
		1529812845445140485	244	21.094		220	Petro critica que Ser Pilo Paga haya invertido 3 billones de pesos en universidades privadas (universidades que, recordemos, los mismos estudiantes eligieron).  Los populistas llevan el estatismo en las venas. #ElDebateDecisivo	2023-03-06T22:01:32.094062Z	2023-03-06T22:01:32.093994Z	1	No	Si
No		1529815418432638976	245	12.831	{"choices": ["Asco", "Desagrado"]}	221	#ElDebateDecisivo, ELN: ese culebrero Duque II disque tiene voluntad de paz y arranca con ese tontito y con esa carga de rabia: "son cabecillas no dirigentes."	2023-03-06T22:01:45.250928Z	2023-03-06T22:01:45.250857Z	1	Si	Si
No		1529819374852390914	246	21.675	Desagrado	222	@sergio_fajardo anda muy destochado en su estrategia publicitaria de campa√±a, no s√≥lo deja en duda su talante pacifista y respetuoso, sino que por andar pensando en @petrogustavo  olvid√≥ sus propuestas y promueve las del @PactoHistorico #PetroPresidenteEnPrimera #ElDebateDecisivo	2023-03-06T22:02:11.640355Z	2023-03-06T22:02:00.515371Z	1	Si	Si
		1529819809092755456	247	7.511	{"choices": ["Admiraci√≥n", "Agrado"]}	223	Gran moderador el se√±or Roberto Pombo en #ElDebateDecisivo @CaracolRadio   @petrogustavo demostr√≥ ser el √∫nico que tiene el pa√≠s en la cabeza.	2023-03-06T22:02:20.584040Z	2023-03-06T22:02:20.583990Z	1	Si	Si
		1529852682118258694	248	6.867		224	#ElDebateDecisivo Viendo las publicaciones sobre las diferentes posturas hacen 5 de Petro, 5 de Fajardo y una de @FicoGutierrez, se les nota el sesgo a leguas....	2023-03-06T22:02:27.744347Z	2023-03-06T22:02:27.744306Z	1	No	Si
No		1529852497082318849	249	14.875	{"choices": ["Admiraci√≥n", "Agrado"]}	225	Resumen #ElDebateDefinitivo #ElDebateDecisivo  Petro: ü§ìü§ìü§ì  NarcotraFico: üì±üì±üì±üí©üí©  Fajardo: ü§° ü§° üêãüêã  Definitivamente nadie le da nivel a Petro, son tan descarados que se roban sus ideas...  #ElCambioEnPrimera #PactoHistorico	2023-03-06T22:02:42.887586Z	2023-03-06T22:02:42.887540Z	1	Si	Si
		1529860700524380162	250	13.235		226	@marthaperaltae @sergio_fajardo @FicoGutierrez @petrogustavo No es impresi√≥n es una imprecisi√≥n m√°s bien, porque lo que promete @petrogustavo es irrealizable es un populista, en cambio lo que plantea @sergio_fajardo si tiene sustento y se puede realizar. Vez que gran diferencia. #ElDebateDecisivo #YoVotoPorFajardo	2023-03-06T22:02:56.494453Z	2023-03-06T22:02:56.494408Z	1	No	Si
		1529810138990788608	251	10.849	{"choices": ["Admiraci√≥n", "Agrado"]}	227	No se necesita ser economista, ni experto en seguridad, ni en transporte para saber que #petroeselcambio. Gente es solo escuchar y ponerle SENTIDO COM√öN!! @petrogustavo  #ElDebateDecisivo	2023-03-06T22:03:07.611597Z	2023-03-06T22:03:07.611556Z	1	Si	Si
		1529817053670125568	252	6.811		228	Mi misi√≥n como m√≠nimo son cinco votos, s√≠ cada uno lo hacemos ganamos en primera vuelta.Ganemole al fraude.#PetroEsElCambio	2023-03-06T22:03:14.731945Z	2023-03-06T22:03:14.731903Z	1	No	Si
		1529815847606312960	253	7.942		229	#PetroEsElCambio solo hay que escuchar sus propuestas en el debate. Federico mas de lo mismo y Fajardo pues ni fu ni fa, se le ve incluso molesto. Y Rodolfo descansando en su casa. Eso es lo que tenemos... #PetroEsElCambio	2023-03-06T22:03:23.048515Z	2023-03-06T22:03:23.048446Z	1	No	Si
No		1529814915128729602	254	11.829	Desagrado	230	#PetroEsElCambio #PetroEsElCambio #PetroEsElCambio Guti√©rrez no puedo ocultar su cara guerrera, al contestar la pregunta sobre el protocolo y di√°logos con ELN.	2023-03-06T22:03:35.202260Z	2023-03-06T22:03:35.202223Z	1	Si	Si
		1529857021675282436	255	8.669	Agrado	231	A los indecisos les digo,  #PetroEsElCambio	2023-03-06T22:03:44.215346Z	2023-03-06T22:03:44.215292Z	1	Si	Si
No		1529925196907483136	256	15.546	Confianza	232	#MagdalenaVotaPetro el pa√≠s necesita un cambio, es momento de cambiar la historia de nuestro pa√≠s.üôåüôåüôå	2023-03-06T22:04:00.110516Z	2023-03-06T22:04:00.110480Z	1	Si	Si
No		1529942225278451746	257	6.603	Confianza	233	@zullyaven #MagdalenaVotaPetro no solo en Magdalena, todo el pa√≠s clama por el cambio en primera ‚ù§Ô∏è	2023-03-06T22:04:07.044650Z	2023-03-06T22:04:07.044613Z	1	Si	Si
No		1530230418204663808	258	52.146	{"choices": ["Ira", "Asco", "Desagrado"]}	234	#PetroEs un asqueroso hamp√≥n miserable jefe del M19 asesinos	2023-03-06T22:04:59.503477Z	2023-03-06T22:04:59.503452Z	1	Si	Si
No		1530239078008246272	259	8.324	{"choices": ["Admiraci√≥n", "Confianza"]}	235	@RevistaSemana @JoseAlf57859821 @petrogustavo #PetroEs el hombre estadista que necesita el pa√≠s para derrotar al establecimiento mafioso y narco paramilitar que ha da√±ado a Colombia	2023-03-06T22:05:08.244264Z	2023-03-06T22:05:08.244182Z	1	Si	Si
		1530252640050941953	260	5.826		236	#PetroEs el futuro presidente de Colombia.	2023-03-06T22:05:14.367250Z	2023-03-06T22:05:14.367201Z	1	No	Si
	Oscila tres veces en la valoraci√≥n de Ptro	1530254429487779840	261	20.679		237	#PetroEs una p√©sima opci√≥n para Colombia, pero fue un excelente senador, pero como administrador es terrible.	2023-03-06T22:05:35.361377Z	2023-03-06T22:05:35.361334Z	1	No	Si
No		1530261599180705794	262	6.836	Confianza	238	#PetroEs el cambio para colombia...que tanto esperabamos	2023-03-06T22:05:42.541770Z	2023-03-06T22:05:42.541702Z	1	Si	Si
No		1530267892457013251	263	6.852	{"choices": ["Admiraci√≥n", "Confianza"]}	239	El que va ha volver mierda nuestra libertad y democracia  #PetroEs	2023-03-06T22:05:49.696357Z	2023-03-06T22:05:49.696332Z	1	Si	Si
		1530273906036248578	264	3.851		240	#PetroEs el presidente de Colombia 2022-2026	2023-03-06T22:05:53.834997Z	2023-03-06T22:05:53.834904Z	1	No	Si
No		1530303877874077696	265	9.989	{"choices": ["Asco", "Desagrado", "Odio"]}	241	#PetroEs La peor basura que ha podido parir Colombia	2023-03-06T22:06:04.173210Z	2023-03-06T22:06:04.173162Z	1	Si	Si
No		1530330988823592960	266	11.722	{"choices": ["Asco", "Desagrado"]}	242	#PetroEs #PetroElPatronDelMal  dice o hace algo y si no tiene el efecto deseado no va a cambiar de idea, si no va adornar las palabras e Igual har√° lo que se le Vega en gana, como las basuras de Bogot√°, dijo que le iba a quitar a los privados y lo hizo sin importar lo que provoc√≥	2023-03-06T22:06:16.212737Z	2023-03-06T22:06:16.212686Z	1	Si	Si
		1530133255797805058	267	8.024		243	#EsElMomentode aclarar a los votantes si se puede exigir colocar la huella en la planilla de votaci√≥n teniendo en cuenta que en las elecciones de marzo en varios casos no se exigi√≥ el requisito. #gipsybogota	2023-03-06T22:06:24.520271Z	2023-03-06T22:06:24.520235Z	1	No	Si
		1530145408462249984	268	7.762		244	#EsElMomentoDe que #PelaezdeFranciscoenLaW sea de 3 horas que Sigue la W sea de dos horas.   Sigue la W: 12-2pm Pelaez y Francisco: 2pm a 5pm  O  Pelaz y Francisco: 12-3pm Sigue la W: 3-5pm  @MdeFrancisco12 @eldoctorpelaez	2023-03-06T22:06:32.646379Z	2023-03-06T22:06:32.646310Z	1	No	Si
No		1530149083914162179	269	6.486	Confianza	245	#EsElMomentoDe BOTAR el odio y VOTAR a conciencia y convicci√≥n.	2023-03-06T22:06:39.457295Z	2023-03-06T22:06:39.457228Z	1	Si	Si
		1530151149998727169	270	8.757	{"choices": ["Asco", "Desagrado", "Confianza"]}	246	#EsElMomentoDe callar a los pol√≠ticos que cuando habren la boca destilan odio y hacen da√±o a Colombia.	2023-03-06T22:06:48.542443Z	2023-03-06T22:06:48.542391Z	1	Si	Si
No		1530154052176183297	271	5.4	Confianza	247	#EsElMomentoDe #gipsymedellin el cambio, se so√±ar, de saber que somos iguales	2023-03-06T22:06:54.324104Z	2023-03-06T22:06:54.324037Z	1	Si	Si
		1530156229317779458	272	6.279		248	#EsElMomentoDe los j√≥venes, si se distraen pierden.	2023-03-06T22:07:00.914802Z	2023-03-06T22:07:00.914766Z	1	No	Si
		1530162556760903682	273	6.192		249	Este fin de semana va estar Ca√≥tico: Elecciones Presidenciales, Final de  Champions, y el tan esperado GP de M√≥naco.üîù Y tambi√©n hay que sacar espacio para ir a ver  Top Gun ü§Øü§Øü§Øü§Øü§Øü§Ø  #Colombia #GPMonaco #F1 #ChampionsLeague #ElDomingoVoyA #EsElMomentoDe #MonacoGP #USA	2023-03-06T22:07:07.381271Z	2023-03-06T22:07:07.381219Z	1	No	Si
Si		1530166613001089024	274	15.251		250	Tia uribista, tranquila que la herencia que se llevan peleando 20 a√±os, Petro NO va a venir a ponerle impuestos, si escucho?    #EsElMomentoDe	2023-03-06T22:07:22.965158Z	2023-03-06T22:07:22.965107Z	1	No	Si
		1530179234358038531	275	6.547		251	#EsElMomentoDe pensar en el futuro de nuestros hijos y salir a votar de forma responsable el domingo. #GipsyBogota	2023-03-06T22:07:29.818445Z	2023-03-06T22:07:29.818373Z	1	No	Si
Si		1530177135557718016	276	6.97	Confianza	252	#EsElMomentoDe Imaginarnos EL "CAMBIO " Ministerio de defensa: Timochemko,  Canciller Piedad C√≥rdoba,  Zar anticorrupci√≥n: Roy Barreras. Todo eso por la Vida!	2023-03-06T22:07:37.088760Z	2023-03-06T22:07:37.088724Z	1	Si	Si
		1530187761688485891	277	11.572		253	#EsElMomentoDe entender que la redistribuci√≥n es necesaria, pero si es la clase media la variable de ajuste, eso no es un cambio para todos, un cambio para la vida. Es una polarizaci√≥n social donde la c√∫pula sigue intocable y los pobres paternados por generaciones.	2023-03-06T22:07:49.041626Z	2023-03-06T22:07:49.041573Z	1	No	Si
No	No me queda claro si en este caso la atenci√≥n est√° dividida	1530193874714517505	278	18.256	{"choices": ["Admiraci√≥n", "Asco", "Desagrado", "Agrado"]}	254	#EsElMomentoDe Escuchar que cuando entrevistan a Petro ,se aprende de Historia,de Macroeconom√≠a,de Pol√≠ticas Verdes y cuando entrevistan a Fico ,estoy revisando si me robaron el celular,la billetera ,da susto el tipo...	2023-03-06T22:08:07.601059Z	2023-03-06T22:08:07.601027Z	1	Si	Si
		1530227128591171586	279	5.854	Confianza	255	#EsElMomentoDe VOTAR por un futuro responsable, asegurando la ni√±ez, educaci√≥n y oportunidades para Todos.	2023-03-06T22:08:13.769707Z	2023-03-06T22:08:13.769637Z	1	Si	Si
No		1530225165447094272	280	7.322	Confianza	256	#EsElMomentoDe dejarle miedo al cambio. Por una potencia mundial de la vida @petrogustavo presidente	2023-03-06T22:08:21.467670Z	2023-03-06T22:08:21.467628Z	1	Si	Si
No		1530015260735840263	281	7.559	Confianza	257	@VickyDavilaH Firme con @FicoGutierrez  desde la alcald√≠a de Medell√≠n, es la mejor opci√≥n para nuestro pa√≠s  #FicoElGanador	2023-03-06T22:08:29.315762Z	2023-03-06T22:08:29.315714Z	1	Si	Si
No		1530115489980108800	282	12.807	{"choices": ["Admiraci√≥n", "Agrado"]}	258	@ArgiroCasta888 Hola Argiro, buen d√≠a, desde que vot√© por #FicoElGanador #FicoPresidente en Mayo 23, estoy celebrando el triunfo por la Democracia en Colombia.	2023-03-06T22:08:42.451180Z	2023-03-06T22:08:42.451114Z	1	Si	Si
		1530133587269394432	283	13.996		259	Porque NO QUIERO ver ni en pintura a Nicol√°s Maduro y Diosdado Cabello, entonces mi voto es por Federico Guti√©rrez   #FicoElGanador	2023-03-06T22:08:56.826324Z	2023-03-06T22:08:56.826294Z	1	No	Si
No		1530182862250590209	284	12.778	{"choices": ["Asco", "Desagrado", "Odio"]}	260	@GalloMatrix01 Hoy la peor delincuencia esta en el congreso gracias al PACTO DE DELINCUENTES. Este domingo no podemos caer en el comunismo. No van a ganar, no van a gobernar, no dirigir√°n este pa√≠s. #FicoElGanador  #FicoEsColombia #FicoPresidente2022	2023-03-06T22:09:09.913846Z	2023-03-06T22:09:09.913799Z	1	Si	Si
No		1530231996479324161	285	17.032	{"choices": ["Asco", "Desagrado"]}	261	Las alianzas que hizo #ElPactoDeCorruptos demuestra q para ellos los ciudadanos valemos üí©üí©üí©. Han hecho un recorrido por todas las c√°rceles de Colombia y mientras m√°s delincuente mejor para ellos.  Por esa raz√≥n.  #FicoElGanador  #FicoElPresidenteDeLaGente	2023-03-06T22:09:27.253822Z	2023-03-06T22:09:27.253752Z	1	Si	Si
