text,tweet_id,relevancia,emocion,sentimento,annotator,annotation_id,created_at,updated_at,lead_time,answer
C√≥mo ser√°n los c√°lculos del equipo de Fajardo... Y lo que m√°s me sorprende es que ni √©l entiende su propuesta pensional üôÑ #ElDebateDefinitivo,1528937928751304704,Si,Si,"{""choices"": [""Decepci√≥n"", ""Sorpresa""]}",,,2023-02-01T02:16:59.057052Z,2023-02-01T02:16:59.057055Z,20.569,
#ElDebateDefinitivo conclusi√≥n: @sergio_fajardo es un completo idiota...de verdad que si no pierde votos hoy...la gente es muy tonta!.,1528918181888270337,Si,Si,Desagrado,,,2023-02-01T01:54:17.299559Z,2023-02-01T01:54:17.299562Z,13.36,
El debate ya empez√≥ ¬øQu√© pas√≥ con @petrogustavo? ¬øLo entramparon las cobijas? #ElDebateDecisivo,1529798485599461376,Si,Si,"{""choices"": [""Decepci√≥n"", ""Desagrado""]}",,,2023-02-01T02:41:08.227267Z,2023-02-01T02:41:08.227271Z,12.034,
#ElMejorCandidatoEs quien guarde la Palabra de Dios en lo m√°s profundo de su coraz√≥n y esa sea su gu√≠a para gobernar !!!,1529944442337214486,Si,Si,Expectativa,,,2023-02-01T02:40:44.494476Z,2023-02-01T02:40:44.494484Z,9.215,
"#ElMejorCandidatoEs el que no tenga compromisos econ√≥micos con ninguno de los grupos empresariales de este pa√≠s, y ese es @petrogustavo por eso el representa el cambio de verdad...",1529895021058699265,Si,Si,"{""choices"": [""Admiraci√≥n"", ""Confianza""]}",,,2023-02-01T02:40:23.938260Z,2023-02-01T02:40:23.938266Z,4.266,
"Para usted, ¬øcu√°l es el mejor candidato a la Presidencia de la Rep√∫blica? #ElMejorCandidatoEs https://t.co/R8OdUKW9NI a trav√©s de @WradioColombia",1529824949451427841,Si,No,,,,2023-02-01T02:36:56.733012Z,2023-02-01T02:36:56.733017Z,60.853,
"@SaraLop88370165 @FicoGutierrez La propuesta de Fico est√° basada y planificada, el tiene la capacidad de asumir la presidencia #FicoGanador #ElMejorCandidatoEs",1529826360180346880,Si,Si,"{""choices"": [""Admiraci√≥n"", ""Confianza""]}",,,2023-02-01T02:35:38.830798Z,2023-02-01T02:35:38.830802Z,15.35,
@FicoGutierrez #ElMejorCandidatoEs #FicoGANADOR con fico nos garantiza la seguridad y tranquilidad de poder salir con m√°s seguridad sin ning√∫n hurto üëèüèªüá®üá¥,1529823309814108162,Si,Si,Confianza,,,2023-02-01T02:35:05.886673Z,2023-02-01T02:35:05.886676Z,8.72,
#ElMejorCandidatoEs el que pueda gobernar. Porque llevar propuestas al congreso en de debates eternosüòµ‚Äçüí´,1529820943362629637,Si,No,,,,2023-02-01T02:34:42.029973Z,2023-02-01T02:34:42.029976Z,7.325,
"@enriqueyimis1 @WRadioColombia #ElMejorCandidatoEs de lejos la dupla Petro y Francia. Porque se convirtieron en el referente del pa√≠s que nos incluye a todos. No solo los que somos abiertamente antifascistas, sino a los ciudadanos comunes y corrientes que no soportan un acto m√°s de corrupci√≥n",1529785193804050433,Si,Si,"{""choices"": [""Admiraci√≥n"", ""Confianza""]}",,,2023-02-01T02:34:22.219387Z,2023-02-01T02:34:22.219392Z,26.683,
"#ElMejorCandidatoEs el que le apuesta por la paz, la justicia social y un gobierno para todos.",1529768426037821443,Si,Si,"{""choices"": [""Expectativa"", ""Confianza""]}",,,2023-02-01T02:33:43.827223Z,2023-02-01T02:33:43.827227Z,11.429,
"#MiVotoEsPorFICO  #SantandereanosConFICO porq conectar√° el campo triplicando la inversi√≥n en v√≠as terciarias para que nuestros campesinos puedan sacar sus productos a los mercados #FicoElGanador Nuevo simulador de votaci√≥n,eligiendo a @FicoGutierrez üì≤üó≥Ô∏èüá®üá¥ https://t.co/jAa3MQv9Iy https://t.co/rLlb9TsFLJ https://t.co/vPBR3MbJKE",1529933656093081636,Si,Si,Confianza,,,2023-02-01T02:33:22.764852Z,2023-02-01T02:33:22.764855Z,9.147,
"#FicoElGanador ""El √©xito no es definitivo, el fracaso no es fat√≠dico. Lo que cuenta es el valor para continuar"".  Winston Churchill  @FicoGutierrez el Presidente de la Gente... https://t.co/Kb1BeY7gtH",1529918294223900693,Si,Si,Confianza,,,2023-02-01T02:33:06.203015Z,2023-02-01T02:33:06.203019Z,10.074,
#FicoElGanador y con el gana Colombia.,1529850058417618946,Si,Si,Confianza,,,2023-02-01T02:32:50.355583Z,2023-02-01T02:32:50.355586Z,6.39,
"Adem√°s, crear m√°s y mejores v√≠as que brinden garant√≠as al campo Colombiano, que den mayor alcance a los productos que all√≠ son producidos. #FicoElGanador @PartidoMIRA https://t.co/NjWcpGQRYw",1529806709652340736,Si,Si,Confianza,,,2023-02-01T02:32:38.178701Z,2023-02-01T02:32:38.178705Z,76.167,
@FicoGutierrez @Rodrigo_LaraS le apuestan a:  üìç Cr√©ditos blandos para campesinos üìç Incremento en v√≠as terciar√≠as üìç Fortalecimiento de la industria nacional de insumos y fertilizante. üìç Apoyo econ√≥mico a las empresas #FicoElGanador @PartidoMIRA https://t.co/EupN1Kz04x,1529802418598334465,Si,Si,"{""choices"": [""Admiraci√≥n"", ""Confianza""]}",,,2023-02-01T02:31:15.847200Z,2023-02-01T02:31:15.847203Z,14.466,
Ya convenc√≠  a 10 personas #ConvenceUnoM√°sPorPetro,1529573334907768832,Si,Si,Confianza,,,2023-02-01T02:30:55.720918Z,2023-02-01T02:30:55.720921Z,15.857,
#VanessaPregunteleAFico qui√©n era el secretario de seguridad de Medell√≠n...y porqu√© dice que no est√° condenado... https://t.co/tPdPVabgDf,1529555382594682882,Si,No,,,,2023-02-01T02:30:35.858633Z,2023-02-01T02:30:35.858637Z,11.613,
"@RICHENAO @Rodrigo3edu @petrogustavo #NoEsCapazDeGobernarLaNaci√≥n el eterno mit√≥mano que jam√°s ser√° presidente de los Colombianos.  #FicoPresidente2022  #ElDebateDefinitivo  Si Petro tuviese palabra hace tiempo hubiera dejado la pol√≠tica, porque es el N`1 ofreci√©ndose el desistimiento pero jam√°s cumple",1529454820427501568,Si,Si,Asco,,,2023-02-01T02:30:22.304816Z,2023-02-01T02:30:22.304820Z,22.417,
@RICHENAO De hecho solo lo har√≠an unas pocas familias a las que ud les lame el culo.  #ElDebateDefinitivo  #ElCambioEnPrimera.,1529351840772546565,No,,,,,2023-02-01T02:29:58.033361Z,2023-02-01T02:29:58.033365Z,33.723,
"Quiero enviar un saludo a todos los ciclistas del pa√≠s, que sigan haciendo deporte y que por favor sean prudentes a la hora de manejar por las vias de Colombia.  Lo digo porque Egan Bernal se dio un golpe muy fuerte en la cabeza y a√∫n no se recupera.  #YaEsSuficiente",1529602483055640577,No,,,,,2023-02-01T02:29:22.881719Z,2023-02-01T02:29:22.881724Z,5.866,
Ser√° que esos #pseudoPeriodistas que est√°n tan pendientes de @QuinteroCalle no se pronuncian rechazando lo que le hacen algunos padres de Colegio Alem√°n a su familia? @lafm üßê   #YaEsSuficiente,1529557684554452992,Si,No,,,,2023-02-01T02:29:12.080749Z,2023-02-01T02:29:12.080752Z,19.594,
"#YaEsSuficiente ya es suficiente de @petrogustavo , espero que perdiendo estas elecciones nos deje en paz a los colombianos con su proyecto fracasado comunista. Ya mk ya por favor üôèüèª",1529466881609957378,Si,Si,"{""choices"": [""Desagrado"", ""Odio""]}",,,2023-02-01T02:28:47.092241Z,2023-02-01T02:28:47.092244Z,21.863,
"#YaEsSuficiente de campa√±as sucias, con enga√±os, insultos, calumnias.",1529419200221138944,Si,Si,"{""choices"": [""Decepci√≥n"", ""Desagrado""]}",,,2023-02-01T02:28:21.544203Z,2023-02-01T02:28:21.544207Z,19.683,
#VotoPor Sergio Fajardo. Un presidente decente y que no divida es lo que necesita Colombia,1529613037866459136,Si,Si,Admiraci√≥n,,,2023-02-01T02:27:57.815796Z,2023-02-01T02:27:57.815800Z,8.16,
"#VotoPor #RodolfoHernandez hombre sabio, sagaz y visionario que transformar√° el pa√≠s en potencia mundial, del atraso a ejemplo de desarrollo y crecimiento econ√≥mico  #RodolfoPresidente  A los haters les digo, #RodolfoPresidente y si van a decir algo con argumentos no inventos",1529572795633414144,Si,Si,Admiraci√≥n,,,2023-02-01T02:27:47.415666Z,2023-02-01T02:27:47.415669Z,10.575,
#VotoPor quien respete y promueva la Libertad Religiosa,1529443152259694592,Si,No,,,,2023-02-01T02:27:35.124276Z,2023-02-01T02:27:35.124279Z,6.768,
#VotoPor el √∫nico candidato REAL de estas elecciones. @petrogustavo ‚ù§Ô∏è,1529442514637299712,Si,Si,Admiraci√≥n,,,2023-02-01T02:27:24.476890Z,2023-02-01T02:27:24.476894Z,8.826,
"#VotoPor @petrogustavo este 29 de mayo, y sus contendores sucios NO PODRAN CON NOSOTROS, SOMOS UNA NACI√ìN VIVA QUE YA NO CREE EN MIEDOS https://t.co/2fQZrUL0r0",1529432551286349824,Si,Si,"{""choices"": [""Expectativa"", ""Asco"", ""Confianza""]}",,,2023-02-01T02:27:09.118778Z,2023-02-01T02:27:09.118782Z,37.977,
"#VotoPor un ingeniero j√≥ven, decente, sin procesos por corrupci√≥n, que une y sabe administrar. #FicoUneAColombia",1529410737231351808,Si,Si,"{""choices"": [""Admiraci√≥n"", ""Confianza""]}",,,2023-02-01T02:26:29.405822Z,2023-02-01T02:26:29.405826Z,9.384,
#GrandezaEs que Uribe se retire de la vida pol√≠tica y p√∫blica.,1529174627972521987,Si,Si,Desagrado,,,2023-02-01T02:26:17.818009Z,2023-02-01T02:26:17.818012Z,19.267,
"#LeApuestoA las instituciones. Nunca he cre√≠do en el mesianismo. #LeApuestoA al debate y pensamiento cr√≠tico para construir en la diferencia, sin mojigater√≠a, ni l√≠mites absurdos sobre el deber ser.",1529097150923214849,Si,Si,"{""choices"": [""Expectativa"", ""Confianza""]}",,,2023-02-01T02:25:40.750108Z,2023-02-01T02:25:40.750111Z,175.802,
@darcyquinnr #LeApuestoA Dios a la fe a la esperanza a la vida a la coherencia,1529060822269448194,Si,Si,"{""choices"": [""Calma"", ""Confianza""]}",,,2023-02-01T02:22:39.328480Z,2023-02-01T02:22:39.328505Z,50.284,
#AColombiaLePreocupa la propuesta de pensiones de Petro. Ayer en #ElDebateDefinitivo qued√≥ nuevamente confirmado que si piensa usar la ahorros de millones para gast√°rselo en sus promesas de campa√±a.,1529119564503691264,Si,Si,Incertidumbre,,,2023-02-01T02:21:45.058379Z,2023-02-01T02:21:45.058382Z,13.727,
#AColombiaLePreocupa que despu√©s de una pandemia salimos llenos de rencor,1529096515356176385,Si,Si,Incertidumbre,,,2023-02-01T02:21:30.069742Z,2023-02-01T02:21:30.069745Z,12.738,
"#AColombiaLePreocupa el abandono de las regiones! Fortalecer la seguridad alimentaria, salud, educaci√≥n, vivienda, v√≠as decentes el fortalecimiento del agro en su conjunto!",1529089553923026946,Si,Si,Expectativa,,,2023-02-01T02:21:15.883412Z,2023-02-01T02:21:15.883415Z,33.525,
"#AColombiaLePreocupa C√≥mo los 4000 ricos del pa√≠s, Van a seguir evadiendo Impuestos e invertir en Publicidad con Desprestigiar la Econom√≠a q propone @petrogustavo para Ahora si Pagar lo que Pagamos Todos, Ayudando a Pagar la deuda con la q se hacen Ricos, Y decir Como q Dividir? https://t.co/y3OyH5lvZM",1529081340926345216,Si,No,,,,2023-02-01T02:20:40.801252Z,2023-02-01T02:20:40.801255Z,16.789,
La Silicon Valley Latinoamericana a√∫n no tiene software para las votaciones. #AColombiaLePreocupa,1529070396087185409,Si,Si,Incertidumbre,,,2023-02-01T02:20:22.008051Z,2023-02-01T02:20:22.008054Z,15.328,
Es claro quien es el presidente y quienes van a quedar rabones ! Petro los pein√≥ tranquilo !  #ElDebateDefinitivo,1529144849441644545,Si,Si,Admiraci√≥n,,,2023-02-01T02:20:05.051592Z,2023-02-01T02:20:05.051595Z,11.787,
#ElDebateDefinitivo ya empezaron los que ‚Äúno dividen ni atacan‚Äù JAJAJAJAJAJAJ igual nada quita que #PetroGanaDebate https://t.co/yEIqmdKnK0,1528949742968967168,Si,No,,,,2023-02-01T02:19:51.332649Z,2023-02-01T02:19:51.332652Z,6.698,
"Petro entiende muy bien que Fico tiene m√°s votos que √©l, no hizo m√°s que coquetear con Fajardo que lo ha rechazado una y otra vez. Si hubiera ido Rodolfo le chupa trompa.  #ElDebateDefinitivo",1528946887629451265,Si,No,,,,2023-02-01T02:19:42.705672Z,2023-02-01T02:19:42.705676Z,38.844,
Dos almas heridas de orgullos quedaron muy lastimadas despu√©s que Petro expuso un s√≥lido y robusto plan de gobierno. DIOS LO BENDIGA   #PetroPresidenteEnPrimera #ElDebateDefinitivo,1528948234051280896,Si,Si,"{""choices"": [""Admiraci√≥n"", ""Confianza""]}",,,2023-02-01T02:19:01.995987Z,2023-02-01T02:19:01.995990Z,11.273,
#ElDebateDefinitivo‚Ä¶¬øpor qu√© no fue John Mit√≥n?,1528945271186591744,Si,No,,,,2023-02-01T02:18:49.352812Z,2023-02-01T02:18:49.352816Z,6.955,
"Vicky: Fico que piensa cuando ve la campa√±a de ""NarcotraFICO"" Fico: Es culpa de Petro  Petro Be like  #ElDebateDefinitivo https://t.co/BPr4Y9eH3E",1528938152810930176,Si,No,,,,2023-02-01T02:18:40.988082Z,2023-02-01T02:18:40.988085Z,61.417,
Fajardo responda algo: YO Federico: cuando yo fui alcalde #ElDebateDefinitivo,1528938148822241280,Si,No,,,,2023-02-01T02:17:37.023364Z,2023-02-01T02:17:37.023367Z,12.191,
"Fajardo tiene la misma propuesta de petro en pensiones, y ni el mismo lo sabe. Petro se lo tuvo que explicar. #ElDebateDefinitivo",1528936500745973760,Si,Si,"{""choices"": [""Decepci√≥n"", ""Sorpresa""]}",,,2023-02-01T02:17:22.831583Z,2023-02-01T02:17:22.831586Z,21.083,
"@petrogustavo R/ (Piedad y Roy) Los dos primeros son parlamentarios elegidos, son y ser√°n senadores. Fajardo: ¬øRoy Barreras es parlamentario elegido? ¬øFajardo d√≥nde vive ü§£? #ElDebateDefinitivo",1528937621501661184,Si,No,,,,2023-02-01T02:16:36.681183Z,2023-02-01T02:16:36.681187Z,25.265,"No me queda claro de nuevo en estas ""burlas"""
Ser√° que los petristas s√≠ entender√°n lo que significa una buena peinada?   #ElDebateDefinitivo https://t.co/i73z9ISb0P,1528934962463907842,Si,No,,,,2023-02-01T02:13:36.023419Z,2023-02-01T02:13:36.023423Z,11.482,
Y a este mk quien lo invito? #ElDebateDefinitivo,1528932196949663745,Si,Si,"{""choices"": [""Asco"", ""Desagrado"", ""Odio""]}",,,2023-02-01T02:13:21.710839Z,2023-02-01T02:13:21.710843Z,802.782,
Fico en el medio cuando Petro y Fajardo se encendieron por el tema de la financiacion de las pensiones  #ElDebateDefinitivo https://t.co/h3Syap7obf,1528931365177147392,Si,No,,,,2023-02-01T01:59:54.655906Z,2023-02-01T01:59:54.655911Z,15.131,
"Fico acaba de demostrar que no sirve ni para hacer una pregunta, le dan la oportunidad de hacerle una pregunta a Fajardo y va y le pregunta por el tema que se ha pasado hablando durante todo el debate.. #ElDebateDefinitivo",1528929360719355904,Si,Si,"{""choices"": [""Decepci√≥n"", ""Desagrado""]}",,,2023-02-01T01:59:36.281836Z,2023-02-01T01:59:36.281838Z,36.452,
"#ElDebateDefinitivo C√≥mo es que a uno le preguntan si Ajiaco o bandeja paisa, pero si es muy dif√≠cil esa entonces que escoja entre Bogot√° y Medell√≠n jajaja pero al otro candidato si se le encara con que si pondr√° o no impuestos a las Iglesias.",1528924229692956673,Si,No,,,,2023-02-01T01:58:58.073578Z,2023-02-01T01:58:58.073581Z,214.929,
"#ElDebateDefinitivo le falta a Federico Guti√©rrez decir que ""vamos a vivir sabroso"" y ya se termina de robar todo el discurso de Petro.  Consejo. Si alguien se le roba la idea al otro. No vayan por el que se roba la idea, vayan por el que es el original.",1528921475553669128,Si,Si,"{""choices"": [""Decepci√≥n"", ""Desagrado""]}",,,2023-02-01T01:55:20.817659Z,2023-02-01T01:55:20.817663Z,30.862,
Lo mejor de #ElDebateDefinitivo es mi cu√±ado pensando que el moderador era Rodolfo.,1528921538090655744,Si,No,,,,2023-02-01T01:54:48.000578Z,2023-02-01T01:54:48.000582Z,8.646,
"Federico: bueno dos cosas ‚Ä¢ Cuando fui alcalde de Medell√≠n ‚Ä¢ Los consejos que mi pap√° me daba  Fin, gracias por su atenci√≥n que gran debate   #ElDebateDefinitivo",1528919115775238144,Si,Si,Desagrado,,,2023-02-01T01:54:36.996645Z,2023-02-01T01:54:36.996649Z,16.875,
"No hay nada definido, votemos con libertad por la persona que tiene las mejores propuestas, con @sergio_fajardo   Colombia cambiar√°, no dejarse llevar por las encuestas, a votar el domingo #ElDebateDefinitivo #YoVotoPorFajardo por la colombia que queremos!!!!! https://t.co/cCFQPRpRtQ",1528917531565731840,Si,Si,"{""choices"": [""Admiraci√≥n"", ""Confianza""]}",,,2023-02-01T01:54:01.331283Z,2023-02-01T01:54:01.331286Z,13.388,
"Fico y su micr√≥fono escondido en su sede de campa√±a, hmmmmmya jajajaja  #ElDebateDefinitivo",1528914947845021696,Si,No,,,,2023-02-01T01:53:45.433252Z,2023-02-01T01:53:45.433255Z,23.182,Dejo ac√° comentario: qu√© hacemos con las burlas?
"#DebateElTiempoSemana  @sergio_fajardo tiene toda la raz√≥n cuando dice :‚Äù yo no inspiro nada‚Äù, sus posturas siguen siendo respuestas que buscan no molestar a nadie y mostrarse √©ticamente correcto, pero son eso, nada  #ElDebateDefinitivo  #Colombia",1528915145300353025,Si,Si,"{""choices"": [""Decepci√≥n"", ""Desagrado""]}",,,2023-02-01T01:53:19.174893Z,2023-02-01T01:53:19.174898Z,25.004,
"#EldebateDefinitivo en Chile no ha pasado nada...antes se aumento el salario m√≠nimo en %mas alto de la historia,la gente va a votar por una nueva Constituci√≥n, Boric fue elegido dentro de los 100 m√°s influyentes del mundo en Forbes",1528915216079065088,Si,No,,,,2023-02-01T01:52:52.490950Z,2023-02-01T01:52:52.490954Z,18.082,
Fico se enfanga con lo del perd√≥n social. Ya lo ver√°n. Petro si ha estudiado el tema. #ElDebateDefinitivo,1528915471323521026,Si,No,,,,2023-02-01T01:52:32.695322Z,2023-02-01T01:52:32.695327Z,11.722,
"#ElDebateDefinitivo ha sido de lejos el peor que se ha hecho, los moderadores no tienen nada de autoridad y no se entiende el orden en lo absoluto.   @RevistaSemana nada de seriedad, que horror.",1528911745108123650,Si,Si,Decepci√≥n,,,2023-02-01T01:52:18.692291Z,2023-02-01T01:52:18.692295Z,13.278,
"Me da miedo que el gam√≠n de Fico le de un pu√±o a Petro en la cara. Dios m√≠o, es que lo tiene al lado. #ElDebateDefinitivo",1528907645544972288,Si,No,,,,2023-02-01T01:52:03.177222Z,2023-02-01T01:52:03.177225Z,12.49,
#ElDebateDefinitivo fico es aguevado...creia que petro iba a caer en la trampa. Es obvio que tiene que extraditar jajajaj,1528908094675333124,Si,Si,Desagrado,,,2023-02-01T01:51:48.776164Z,2023-02-01T01:51:48.776168Z,51.241,
#ElDebateDefinitivo  ¬øYa est√°n diciendo que el cafre Petro los pein√≥ a todos?,1528903851981553666,Si,Si,Admiraci√≥n,,,2023-02-01T01:50:55.703060Z,2023-02-01T01:50:55.703064Z,37.052,
"Fajardo comienza el debate mostrando como las agresiones y se√±alamientos entre Fico y Petro generan una afectaci√≥n a la poblaci√≥n colombiana, afectaci√≥n en la cual √©l no quiere participar #YoVotoPorFajardo  #ElDebateDefinitivo #DebateElTiempoSemana",1528905779373391872,Si,Si,Admiraci√≥n,,,2023-02-01T01:50:17.223535Z,2023-02-01T01:50:17.223538Z,68.329,
#ElDebateDefinitivo viendo a Fico sin una palabra significativa. #YoVotoPorFajardo por sus palabras sensatas y posturas claras. El √∫nico sin lugares comunes!,1528903235209150465,Si,,"{""choices"": [""Admiraci√≥n"", ""Sorpresa""]}",,,2023-02-01T01:49:05.201921Z,2023-02-01T01:49:05.201926Z,44.657,
"#ElDebateDefinitivo mi voto es por @FicoGutierrez. Jam√°s votar√© por el que intento asesinar a mi padre, un guerrillero que s√≥lo quiere el poder para perpetuarse. Ciegos los que piensan que @petrogustavo es el mes√≠as.",1528898629708169217,Si,Si,Desagrado,,,2023-02-01T01:48:17.271595Z,2023-02-01T01:48:17.271599Z,24.051,
Para quienes han migrado de internet fijo de @Tigo_Colombia a @MovistarCo en Medell√≠n en los √∫ltimos d√≠as/meses... ¬øQu√© tal les ha ido? #MeInquieta,1528806026643968002,No,,,,,2023-01-27T15:22:40.067804Z,2023-01-27T15:22:40.067811Z,21.544,
#MeInquieta que @AndresPastrana_ est√© generando miedo e inquietud y... posible violencia el d√≠a de elecciones si no queda el candidato que cada uno quiere. Y @FiscaliaCol @PoliciaColombia @PGN_COL no dicen nada.  Estos √∫ltimos son corresponsables de lo que pueda pasar el donimgo,1528704766028697601,Si,Si,"{""choices"": [""Expectativa"", ""Desagrado"", ""Incertidumbre""]}",,,2023-01-27T15:22:16.812345Z,2023-01-27T15:22:16.812351Z,35.977,
"#MeInquieta ver como en Colombia solo se recuerdan los campesinos en las regiones apartadas, cuando sucede algo que genera morbo violencia o tristeza.",1528679668345360385,Si,Si,"{""choices"": [""Decepci√≥n"", ""Tristeza""]}",,,2023-01-27T15:21:39.005943Z,2023-01-27T15:21:39.005949Z,15.048,
"#FedericoEsColombia pero no ser√° presidente, el pa√≠s se mamo de estos falsos profetas paisas disfrazados de buena gente que tuvieron la oportunidad de dejar huella pero que solo han dejando desolaci√≥n, hambre, pobreza y sangre por donde caminan",1528701830447960064,Si,Si,"{""choices"": [""Decepci√≥n"", ""Desagrado""]}",,,2023-01-27T15:21:22.427861Z,2023-01-27T15:21:22.427866Z,134.192,
#FedericoEsColombia corrupta y llena de clanes,1528545198409662468,Si,Si,Desagrado,,,2023-01-27T15:19:06.328735Z,2023-01-27T15:19:06.328741Z,9.041,
@darcyquinnr #UnTramposoEs los periodistas que tiene una posici√≥n imparcial y utiliza el periodismo para hacer propaganda pol√≠tica.,1528857198503284736,Si,Si,Desagrado,,,2023-01-27T15:18:55.665345Z,2023-01-27T15:18:55.665352Z,15.871,
#UnTramposoEs el uribismo en todas sus presentaciones,1528812189678972928,Si,Si,Desagrado,,,2023-01-27T15:18:38.075056Z,2023-01-27T15:18:38.075062Z,8.433,
"#UnTramposoEs el ExPresidiario con sus m√∫ltiples Cartas bajo la manga, por eso  #MiVotoEsPetroYFrancia Ojo con el Voto. https://t.co/U8VgRz8VuR",1528787526718201860,Si,Si,Desagrado,,,2023-01-27T15:18:28.006170Z,2023-01-27T15:18:28.006176Z,23.542,
#UnTramposoEs quien con noticias falsas se queire tomar el poder @darcyquinnr,1528695959907180547,,,Desagrado,,,2023-01-27T15:18:02.815977Z,2023-01-27T15:18:02.815985Z,11.641,
"@darcyquinnr #UnTramposoEs el que se vale de su posici√≥n como ""periodista"" para servir como lavaperros, terminan haciendo cochinadas con los socios del esposo mientras lo de ‚Äùperiodista"" ni siquiera lo hab√≠a terminado. Bandidos finalmente.",1528687395423629312,Si,Si,Desagrado,,,2023-01-27T15:17:49.670588Z,2023-01-27T15:17:49.670596Z,31.102,
#UnTramposoEs el que inventa aplazar las elecciones para incendiar el Pa√≠s El p√°nico en la campa√±a del @PactoHistorico y @petrogustavo  es evidente Cortinas de humo pues #PetroNuncaSer√°Presidente,1528688067267149824,Si,Si,Desagrado,,,2023-01-27T15:17:17.109202Z,2023-01-27T15:17:17.109208Z,287.657,
"@emiliolagos1 #MiVotoEsPetroYFrancia Quiero llegar a los 1.000 seguidores. Estamos a puertas de un cambio hist√≥rico #ProgresistaSigueProgresista Devolver√© el follow a cada uno, vamos a crecer en comunidad, as√≠ le hacemos frente a la desinformaci√≥n entre todos.  ME AYUDAN!! üîÑ",1528849330932695040,No,,,,,2023-01-27T15:12:27.484884Z,2023-01-27T15:12:27.484890Z,38.492,
Por que Colombia necesita cambio #MiVotoEsPetroYFrancia,1528584113933934593,Si,Si,"{""choices"": [""Expectativa"", ""Confianza""]}",,,2023-01-27T15:11:47.359357Z,2023-01-27T15:11:47.359363Z,21.715,
Ya no quieroas de los mismo #MiVotoEsPetroYFrancia,1528557117858357249,Si,Si,"{""choices"": [""Expectativa"", ""Confianza""]}",,,2023-01-27T15:11:23.609748Z,2023-01-27T15:11:23.609754Z,10.803,
#MiVotoEsPetroYFrancia y nadie lo puede negar,1528552249265467394,Si,No,,,,2023-01-27T15:11:11.207949Z,2023-01-27T15:11:11.207959Z,8.724,
"Isssss @petrogustavo llamar√° a la ONU para que investigue la corrupci√≥n, se va a caer toda la estanter√≠a de la corrupci√≥n en Colombia. #MiVotoEsPetroYFrancia",1528543164067459072,Si,Si,"{""choices"": [""Expectativa"", ""Confianza""]}",,,2023-01-27T15:11:00.899476Z,2023-01-27T15:11:00.899482Z,733.56,
"Papi, Fiquito, en tu tierra somos muchos lo que no te comemos cuento. Antioquia no es de Uribe, Antioquia se respeta.   #MiVotoEsPetroYFrancia",1528511395746152449,Si,Si,Desagrado,,,2023-01-27T14:58:44.907124Z,2023-01-27T14:58:44.907130Z,16.648,
"AVANZA EL PLAN GOLPE A LA DEMOCRACIA, EL NARCOESTADO PARAMILITAR Y SU MAFIA CORRUPTA NO DESEAN PERDER EL PODER #MiVotoEsPetroYFrancia https://t.co/riWZi2IP4G",1528510805007900672,Si,Si,"{""choices"": [""Desagrado"", ""Miedo"", ""Incertidumbre""]}",,,2023-01-27T14:58:26.476309Z,2023-01-27T14:58:26.476315Z,46.164,
"Hay que parar la guerra que desangra nuestra Naci√≥n y garantizar la materializaci√≥n de los derechos fundamentales para todos los colombianos con el fin de vivir dignamente, vivir sabroso. #MiVotoEsPetroYFrancia",1528508445569306628,Si,Si,"{""choices"": [""Expectativa"", ""Confianza""]}",,,2023-01-27T14:57:38.765073Z,2023-01-27T14:57:38.765079Z,13.468,
Admiro mucho el trabajo y talento de @sergiobarbosach en la campa√±a de Petro. Gracias por hacer parte del cambio y estar del lado correcto de la historia. #MiVotoEsPetroYFrancia,1528501595012534273,Si,Si,Admiraci√≥n,,,2023-01-27T14:57:23.553793Z,2023-01-27T14:57:23.553798Z,14.663,
"Los √∫nicos que deben de tener miedo a un cambio de Gustavo Petro son los corruptos, narcotraFICO, paramilitares y los vividores del estado que perder√°n sus privilegios!! #MiVotoEsPetroYFrancia",1528497422695030786,Si,Si,"{""choices"": [""Expectativa"", ""Desagrado"", ""Confianza""]}",,,2023-01-27T14:57:07.310377Z,2023-01-27T14:57:07.310382Z,29.219,
"Por un cambio, por la esperanza de un mejor pa√≠s, por la vida de l√≠deres j√≥venes y l√≠deres sociales, #MiVotoEsPetroYFrancia",1528473443271835653,Si,Si,"{""choices"": [""Expectativa"", ""Confianza""]}",,,2023-01-27T14:56:36.460805Z,2023-01-27T14:56:36.460810Z,33.347,
#LoPeorDeEstasElecciones que no vayan a los debates,1528379195545501696,Si,Si,Decepci√≥n,,,2023-01-27T14:56:01.415709Z,2023-01-27T14:56:01.415714Z,21.481,
"#LoPeorDeEstasElecciones la falta de √©tica del periodismo, todos haciendo campa√±a por Petro ü§• o por Fico Trataron de invisibilizar al Profesor y la gente del com√∫n indignada, va a terminar eligiendo al ingeniero. Chupen de su cocinado medios mediocres de comunicaci√≥n de Colombia",1528362842734436352,Si,Si,"{""choices"": [""Decepci√≥n"", ""Desagrado""]}",,,2023-01-27T14:55:38.381454Z,2023-01-27T14:55:38.381459Z,32.58,
"#FedericoEsColombia  ¬°Gracias Medellin! üôèüèª  Gracias por tanto apoyo, por ratificar  que Fico Guti√©rrez es el cambio, pero el cambio para mejorar, para lograr que las regiones crezcan y sean centro de desarrollo.   #FicoUneAcolombia #FicoPresidente https://t.co/QMpqttqWXO",1528517416652873728,Si,Si,"{""choices"": [""Admiraci√≥n"", ""Expectativa"", ""Confianza""]}",,,2023-01-27T14:55:03.891536Z,2023-01-27T14:55:03.891541Z,29.295,
Patria Honor lealtad !!  #FedericoEsColombia,1528503220875714560,No,,,,,2023-01-27T14:54:32.959806Z,2023-01-27T14:54:32.959811Z,18.778,
#FedericoEsColombia este 29 de Mayo salgamos todos a votar por la democracia y la libertad de colombia unidos por nuestro pa√≠s #FedericoImparable #FedericoEsColombia #FicoPresidente2022,1528415123450343432,Si,Si,"{""choices"": [""Expectativa"", ""Confianza""]}",,,2023-01-27T14:54:11.538219Z,2023-01-27T14:54:11.538224Z,17.13,
"@RollingStoneCol @FranciaMarquezM Que va,  es la candidata  de Las Farc ,  del Eln.  Comunismo puro .   #FedericoEsColombia",1528401859635040256,Si,Si,Desagrado,,,2023-01-27T14:53:52.858344Z,2023-01-27T14:53:52.858350Z,15.609,
Fico va a hacer √©nfasis en la educaci√≥n! Mi voto es por √©l este 29 de mayo #FedericoEsColombia https://t.co/uBK5QwhXx2,1528376868986044416,Si,Si,Confianza,,,2023-01-27T14:53:35.751096Z,2023-01-27T14:53:35.751102Z,24.289,
"#FedericoEsColombia Todos vamos a defender la democracia con FEDERICO.  Vota s√≠ a la democracia, vota FEDERICO GUTI√âRREZ.",1528366244113547264,Si,Si,Confianza,,,2023-01-27T14:53:10.096377Z,2023-01-27T14:53:10.096382Z,36.781,
@Ximena62005874 Con FICO me identifico   Con LARA la tengo clara.  #FedericoEsColombia,1528363136348262403,Si,Si,Confianza,,,2023-01-27T14:52:31.751174Z,2023-01-27T14:52:31.751179Z,85.598,
"Karma. Es un aviso. Pero es tan descarado el KKs que culpar√° de esto a las Black Eagles, al continuismo, la oligarqu√≠a, a Uribe.  Se le desmorona su campa√±a, levantada a punta de mentiras, fake news, promesas falsas e incumplibles.  #FedericoEsColombia  #PetroNuncaSer√°Presidente https://t.co/JKPFmgaGwU",1528360303347515393,Si,Si,Desagrado,,,2023-01-27T14:51:04.514492Z,2023-01-27T14:51:04.514498Z,54.735,
"@FicoGutierrez #FicoPropone @FicoGutierrez #FedericoEsColombia as√≠ es,nada nos detiene,ni el agua,ni el granizo impidi√≥ que Medell√≠n se volcara para para acompa√±√°r y escuch√°r al escog√≠do por los paisas y millones de Colombianos ¬°Domingo apote√≥sico!  #NosUnimosONosJodemos  #FicoPresidente üá®üá¥ https://t.co/2tL7Af8hys",1528513296575434752,Si,Si,Confianza,,,2023-01-27T14:50:08.184093Z,2023-01-27T14:50:08.184098Z,56.154,
"#NosUnimosONosJodemos SIMPLE COINCIDENCIA? El CULEBRERO figura pinturesca de la fauna nacional se caracterizaba por su grotesca VERBORREA y quien con su CHACHARA embaucaba a despistados y desocupados,solo BLA,BLA,BLA y de HACER poco Le recuerda a alg√∫n candidato? PIENSE SU VOTO!",1528410307651043333,Si,Si,Desagrado,,,2023-01-27T14:49:10.452880Z,2023-01-27T14:49:10.452885Z,1162.356,
"#NosUnimosONosJodemos es una persona de fiar, no tiene rabo de paja, es un buen administrador y gestor, une, da confianza y hace la politica que es a favor del pueblo, es temeroso de Dios.",1528357012517621762,Si,Si,"{""choices"": [""Admiraci√≥n"", ""Agrado"", ""Confianza""]}",,,2023-01-27T14:29:31.211468Z,2023-01-27T14:29:31.211476Z,1617.351,
