text,tweet_id,relevancia,emocion,ironia,sentimento,annotator,annotation_id,created_at,updated_at,lead_time,answer
#ElDebateDefinitivo  ¬øYa est√°n diciendo que el cafre Petro los pein√≥ a todos?,1528903851981553666,Si,Si,Si,Desagrado,,,2023-02-13T15:43:29.974147Z,2023-02-13T15:43:44.147140Z,5419.537,
"@RevistaSemana Todo un grupo de estudio para criminalistas estilo Law and Order. A mi como no me gusta el crimen, prefiero votar por lo honesto y los valores #VoyConFederico #FicoPresidente2022",1530540016388263937,Si,Si,Si,"{""choices"": [""Desagrado"", ""Confianza""]}",,,2023-02-10T17:10:07.012645Z,2023-02-10T17:10:19.038178Z,783.449,
"#VotoPor #RodolfoHernandez hombre sabio, sagaz y visionario que transformar√° el pa√≠s en potencia mundial, del atraso a ejemplo de desarrollo y crecimiento econ√≥mico  #RodolfoPresidente  A los haters les digo, #RodolfoPresidente y si van a decir algo con argumentos no inventos",1529572795633414144,Si,Si,No,Admiraci√≥n,,,2023-02-13T16:30:05.401539Z,2023-02-13T16:30:05.401544Z,11.395,
#FedericoEsColombia este 29 de Mayo salgamos todos a votar por la democracia y la libertad de colombia unidos por nuestro pa√≠s #FedericoImparable #FedericoEsColombia #FicoPresidente2022,1528415123450343432,Si,Si,No,Confianza,,,2023-02-13T16:29:52.665826Z,2023-02-13T16:29:52.665831Z,10.566,
"Por un cambio, por la esperanza de un mejor pa√≠s, por la vida de l√≠deres j√≥venes y l√≠deres sociales, #MiVotoEsPetroYFrancia",1528473443271835653,Si,Si,No,Confianza,,,2023-02-13T16:29:10.921951Z,2023-02-13T16:29:10.921955Z,7.516,
Por que Colombia necesita cambio #MiVotoEsPetroYFrancia,1528584113933934593,Si,Si,No,Confianza,,,2023-02-13T16:29:01.983596Z,2023-02-13T16:29:01.983601Z,7.222,
"#LeApuestoA las instituciones. Nunca he cre√≠do en el mesianismo. #LeApuestoA al debate y pensamiento cr√≠tico para construir en la diferencia, sin mojigater√≠a, ni l√≠mites absurdos sobre el deber ser.",1529097150923214849,Si,No,,,,,2023-02-13T16:28:53.258237Z,2023-02-13T16:28:53.258242Z,11.519,
"#ElMejorCandidatoEs el que le apuesta por la paz, la justicia social y un gobierno para todos.",1529768426037821443,Si,Si,No,Confianza,,,2023-02-13T16:28:40.364527Z,2023-02-13T16:28:40.364531Z,12.73,
#UnTramposoEs el que inventa aplazar las elecciones para incendiar el Pa√≠s El p√°nico en la campa√±a del @PactoHistorico y @petrogustavo  es evidente Cortinas de humo pues #PetroNuncaSer√°Presidente,1528688067267149824,Si,Si,No,Desagrado,,,2023-02-13T16:28:26.004233Z,2023-02-13T16:28:26.004237Z,9.746,
"@darcyquinnr #UnTramposoEs el que se vale de su posici√≥n como ""periodista"" para servir como lavaperros, terminan haciendo cochinadas con los socios del esposo mientras lo de ‚Äùperiodista"" ni siquiera lo hab√≠a terminado. Bandidos finalmente.",1528687395423629312,Si,Si,No,Desagrado,,,2023-02-13T16:28:14.504564Z,2023-02-13T16:28:14.504568Z,13.813,
#FedericoEsColombia corrupta y llena de clanes,1528545198409662468,Si,Si,No,"{""choices"": [""Ira"", ""Decepci√≥n""]}",,,2023-02-13T16:27:58.952547Z,2023-02-13T16:27:58.952552Z,8.417,
"#FedericoEsColombia pero no ser√° presidente, el pa√≠s se mamo de estos falsos profetas paisas disfrazados de buena gente que tuvieron la oportunidad de dejar huella pero que solo han dejando desolaci√≥n, hambre, pobreza y sangre por donde caminan",1528701830447960064,Si,Si,No,"{""choices"": [""Decepci√≥n"", ""Tristeza""]}",,,2023-02-13T16:27:48.963605Z,2023-02-13T16:27:48.963608Z,16.109,
#ElDebateDefinitivo fico es aguevado...creia que petro iba a caer en la trampa. Es obvio que tiene que extraditar jajajaj,1528908094675333124,Si,Si,No,Desagrado,,,2023-02-13T16:27:31.235319Z,2023-02-13T16:27:31.235324Z,1462.756,
"#MeInquieta ver como en Colombia solo se recuerdan los campesinos en las regiones apartadas, cuando sucede algo que genera morbo violencia o tristeza.",1528679668345360385,Si,Si,No,Tristeza,,,2023-02-13T16:03:07.091277Z,2023-02-13T16:03:07.091284Z,9.626,
"#ElDebateDefinitivo le falta a Federico Guti√©rrez decir que ""vamos a vivir sabroso"" y ya se termina de robar todo el discurso de Petro.  Consejo. Si alguien se le roba la idea al otro. No vayan por el que se roba la idea, vayan por el que es el original.",1528921475553669128,Si,Si,Si,Desagrado,,,2023-02-13T16:02:55.883879Z,2023-02-13T16:02:55.883883Z,10.015,
"Fajardo tiene la misma propuesta de petro en pensiones, y ni el mismo lo sabe. Petro se lo tuvo que explicar. #ElDebateDefinitivo",1528936500745973760,Si,Si,Si,Desagrado,,,2023-02-13T16:02:44.619416Z,2023-02-13T16:02:44.619420Z,7.395,
La Silicon Valley Latinoamericana a√∫n no tiene software para las votaciones. #AColombiaLePreocupa,1529070396087185409,Si,Si,Si,Incertidumbre,,,2023-02-13T16:02:35.987763Z,2023-02-13T16:02:35.987766Z,8.516,
"#AColombiaLePreocupa el abandono de las regiones! Fortalecer la seguridad alimentaria, salud, educaci√≥n, vivienda, v√≠as decentes el fortalecimiento del agro en su conjunto!",1529089553923026946,Si,Si,No,Incertidumbre,,,2023-02-13T16:02:26.057018Z,2023-02-13T16:02:26.057023Z,31.552,
#AColombiaLePreocupa que despu√©s de una pandemia salimos llenos de rencor,1529096515356176385,Si,Si,No,"{""choices"": [""Decepci√≥n"", ""Tristeza""]}",,,2023-02-13T16:01:52.935193Z,2023-02-13T16:01:52.935198Z,8.609,
"@RollingStoneCol @FranciaMarquezM Que va,  es la candidata  de Las Farc ,  del Eln.  Comunismo puro .   #FedericoEsColombia",1528401859635040256,Si,Si,No,Desagrado,,,2023-02-13T16:01:42.979439Z,2023-02-13T16:01:42.979442Z,8.322,
#UnTramposoEs quien con noticias falsas se queire tomar el poder @darcyquinnr,1528695959907180547,Si,Si,No,Desagrado,,,2023-02-13T16:01:33.370877Z,2023-02-13T16:01:33.370880Z,9.552,
#MeInquieta que @AndresPastrana_ est√© generando miedo e inquietud y... posible violencia el d√≠a de elecciones si no queda el candidato que cada uno quiere. Y @FiscaliaCol @PoliciaColombia @PGN_COL no dicen nada.  Estos √∫ltimos son corresponsables de lo que pueda pasar el donimgo,1528704766028697601,Si,Si,No,"{""choices"": [""Desagrado"", ""Miedo"", ""Incertidumbre""]}",,,2023-02-13T16:01:22.596172Z,2023-02-13T16:01:22.596175Z,11.403,
"#ElDebateDefinitivo mi voto es por @FicoGutierrez. Jam√°s votar√© por el que intento asesinar a mi padre, un guerrillero que s√≥lo quiere el poder para perpetuarse. Ciegos los que piensan que @petrogustavo es el mes√≠as.",1528898629708169217,Si,Si,No,"{""choices"": [""Desagrado"", ""Miedo""]}",,,2023-02-13T16:01:09.950929Z,2023-02-13T16:01:09.950932Z,11.81,
#AColombiaLePreocupa la propuesta de pensiones de Petro. Ayer en #ElDebateDefinitivo qued√≥ nuevamente confirmado que si piensa usar la ahorros de millones para gast√°rselo en sus promesas de campa√±a.,1529119564503691264,Si,Si,No,"{""choices"": [""Desagrado"", ""Miedo""]}",,,2023-02-13T16:00:56.876500Z,2023-02-13T16:00:56.876504Z,987.023,
"#YaEsSuficiente ya es suficiente de @petrogustavo , espero que perdiendo estas elecciones nos deje en paz a los colombianos con su proyecto fracasado comunista. Ya mk ya por favor üôèüèª",1529466881609957378,Si,Si,No,"{""choices"": [""Desagrado"", ""Miedo""]}",,,2023-02-13T15:44:28.421758Z,2023-02-13T15:44:28.421763Z,20.035,
"Los √∫nicos que deben de tener miedo a un cambio de Gustavo Petro son los corruptos, narcotraFICO, paramilitares y los vividores del estado que perder√°n sus privilegios!! #MiVotoEsPetroYFrancia",1528497422695030786,Si,Si,No,"{""choices"": [""Desagrado"", ""Confianza""]}",,,2023-02-13T15:44:07.066911Z,2023-02-13T15:44:07.066914Z,10.549,
Ya no quieroas de los mismo #MiVotoEsPetroYFrancia,1528557117858357249,Si,Si,No,Confianza,,,2023-02-13T15:43:55.130981Z,2023-02-13T15:43:55.130985Z,8.163,
Es claro quien es el presidente y quienes van a quedar rabones ! Petro los pein√≥ tranquilo !  #ElDebateDefinitivo,1529144849441644545,Si,Si,No,Confianza,,,2023-02-13T15:43:05.686221Z,2023-02-13T15:43:05.686227Z,8.606,
Ya convenc√≠  a 10 personas #ConvenceUnoM√°sPorPetro,1529573334907768832,Si,Si,No,Confianza,,,2023-02-13T15:42:55.775272Z,2023-02-13T15:42:55.775276Z,9.532,
#FicoElGanador y con el gana Colombia.,1529850058417618946,Si,Si,No,Confianza,,,2023-02-13T15:42:44.855563Z,2023-02-13T15:42:44.855568Z,7.237,
#EsMuyImportante que los medios de comunicaci√≥n no desinformen y fomenten el miedo en la sociedad,1539613306297671681,Si,Si,No,"{""choices"": [""Miedo"", ""Incertidumbre""]}",,,2023-02-13T15:42:36.195598Z,2023-02-13T15:42:36.195603Z,7.242,
"Ahora que #PetroEsPresidente #NuestraPrioridadEs hacerle seguimiento. Apoyarlo con lo bueno, reprocharle lo malo. Marchar cuando sea necesario y as√≠... Ser√° dif√≠cil, pero no imposible.   Pero con responsabilidad, no con odio.",1539264520631242753,Si,Si,No,Confianza,,,2023-02-13T15:42:27.539726Z,2023-02-13T15:42:27.539730Z,9.307,
"El odio y el resentimiento, hoy est√°n m√°s que nunca encarnados en Maria Fernanda Cabal. Pobrecita esa mujer. #PetroEsPresidente",1539334416929067011,Si,Si,No,Desagrado,,,2023-02-13T15:42:16.901654Z,2023-02-13T15:42:16.901659Z,14.88,
@yescuder #PetroEsPresidente | Le recuerdo que para esta segunda vuelta sali√≥ a votar las tribus e ind√≠genas m√°s excluidos en nuestro pa√≠s.  Ind√≠genas total en nuestro pa√≠s registrado: 1'905.617 de personas  Tambi√©n le recuerdo  Sigue el Hilo üßµ,1538918509450764290,Si,No,,,,,2023-02-13T15:42:00.522256Z,2023-02-13T15:42:00.522261Z,12.618,
¬øCu√°ndo un presidente nos hab√≠a dicho que nos quiere mucho? Y es cierto ü•∫. #PetroEsPresidente.,1538916021280681984,Si,Si,No,"{""choices"": [""Alegria"", ""Confianza""]}",,,2023-02-13T15:41:46.623265Z,2023-02-13T15:41:46.623280Z,13.432,
#PetroEsPresidente Bolet√≠n 250 y Polo Polo a√∫n no llega al Congreso.  #FelizLunes Chao Marbelle.,1538869877137674242,Si,Si,Si,Desagrado,,,2023-02-13T15:41:32.003061Z,2023-02-13T15:41:32.003064Z,12.651,
C√≥mo se dice fantasma en colombiano? Espetro  #PetroEsPresidente,1538856594103865345,Si,Si,Si,Desagrado,,,2023-02-13T15:41:18.088087Z,2023-02-13T15:41:18.088092Z,9.093,
Gracias Fecode esto no se habr√≠a hecho sin ustedes que llevan muchos a√±os adoctrinando a los ni√±os para ser de izquierda radical! #PetroEsPresidente,1538846127243534336,Si,Si,No,Desagrado,,,2023-02-13T15:41:07.833621Z,2023-02-13T15:41:07.833625Z,11.534,
Soy el √∫nico que no sabe que hacer cuando se gana? #PetroEsPresidente,1538696072872206337,Si,Si,No,Alegria,,,2023-02-13T15:40:55.088425Z,2023-02-13T15:40:55.088428Z,8.018,
"¬°LLEGO LA HORA DE VIVIR SABROSO, CARAJO! #PetroPresidente #VivirSabroso ‚ù§Ô∏è‚ù§Ô∏è‚ù§Ô∏è",1538655871353372673,Si,Si,No,"{""choices"": [""Alegria"", ""Confianza""]}",,,2023-02-13T15:40:45.799424Z,2023-02-13T15:40:45.799427Z,11.032,
JAJAJJAJAJA Que divertido se puso twitter y los burgueses ardidos.  #PetroPresidente #EleccionesColombia2022,1538652860887482369,Si,Si,Si,Desagrado,,,2023-02-13T15:40:33.414921Z,2023-02-13T15:40:33.414924Z,18.065,
"Tengo la ansiedad al 100, estoy temblando üò£ #EleccionesColombia2022",1538557759268048896,Si,Si,No,Incertidumbre,,,2023-02-13T15:40:14.078369Z,2023-02-13T15:40:14.078373Z,7.266,
"La verdad no pens√© que vivir√≠a para ver el inicio del cambio...gracias por todo colombianos conscientes y pensantes, los amo üò≠üò≠üò≠ #PetroEsPresidente",1538667002583306245,Si,Si,No,"{""choices"": [""Alegria"", ""Confianza""]}",,,2023-02-13T15:40:04.956590Z,2023-02-13T15:40:04.956592Z,13.639,
"ùó®ùó•ùóöùóòùó°ùóßùóò. ùó¢ùóùùó¢, ùó®ùó•ùóöùóòùó°ùóßùóò  Gente, hay indicios muy serios, muy serios, de fraude, TODOS activos, la democracia se respeta.  Trine con el ht: #registraduriaresponda.  Por favor, use el ht: #registraduriaresponda .  Rt al tui. Cortesia @Noti_Space  URGENTE.",1538207705919266819,Si,Si,No,Miedo,,,2023-02-13T15:39:49.797510Z,2023-02-13T15:39:49.797513Z,14.946,
"Obligan a trabajadores de la registraduria a poner a Rodolfo como ganador en los grupos de chats departamental, Colombia un pa√≠s gobernado por el narcoparaco. Iliyarismo #RegistraduriaResponda",1538036012089212928,Si,Si,No,Desagrado,,,2023-02-13T15:39:33.699018Z,2023-02-13T15:39:33.699021Z,9.124,
"Entre el #ExGuerrilleroOIngeniero yo, Natalia, me quedo con el ingeniero ¬øy usted?   (Copia y pega con tu nombre)",1538235365953265666,Si,Si,No,Desagrado,,,2023-02-13T15:39:23.272364Z,2023-02-13T15:39:23.272367Z,9.495,
"Si en colombia la revista semana les quiere imponer un "" ingeniero"" solo recuerden como uno acab√≥ con el Per√∫ y comando un golpe de estado #ExguerrilleroOIngeniero #Registradur√≠aResponda #PetroPresidenteEnsegunda",1538231462339698688,Si,Si,No,"{""choices"": [""Desagrado"", ""Miedo""]}",,,2023-02-13T15:39:12.511315Z,2023-02-13T15:39:12.511318Z,14.317,
"Manifestaron emoci√≥n y agradecieron por esta acci√≥n pedag√≥gica, pues les ayuda a decidir  Vamos a ganar con Francia y Petro, x eso necesitamos la mayor cantidad de votos posible #FranciaVicepresidenta #RodolfoCobarde #PetroPresidenteEnsegunda #YoVotoPor #PetroYFranciaSonElCambio",1537880823092760576,Si,Si,No,Confianza,,,2023-02-13T15:38:56.907331Z,2023-02-13T15:38:56.907336Z,2310.936,
Luego de o√≠r la entrevista con Petro y ver que el Ingeniero le import√≥ cinco participar; he tomado la decisi√≥n de cambiar mi voto y voy con Petro.#EsteDomingo,1537795043725127683,Si,Si,No,Decepci√≥n,,,2023-02-13T15:00:24.501073Z,2023-02-13T15:00:24.501076Z,7.885,
"Petro se qued√≥ sin voz de tanta plaza p√∫blica, Rodolfo se qued√≥ sin voz de tanto cantar ‚Äúpepas y agua pa la seca, todo el mundo en pastillas pa la discoteca‚Äù.   Son datos y hay que darlos.   #estedomingo #YoVotoPor #petrosky",1537788369052352512,Si,Si,Si,"{""choices"": [""Desagrado"", ""Confianza""]}",,,2023-02-13T15:00:14.776399Z,2023-02-13T15:00:14.776402Z,22.819,
#RodolfoCobarde A VER COLOMBIANOS? LES QUEDA ALGUNA DUDA DE QUE ESTE RODOLFO NO EST√Å EN CAPACIDAD DE NADA?  SE LE ACEPTARON TODAS SUS EST√öPIDAS EXIGENCIAS Y NI AS√ç? NO TIENE PRESENTACI√ìN QUE ALGUIEN SEA CAPAZ DE VOTAR POR SEMEJANTE COSA !!!,1537599926762356736,Si,Si,No,Asco,,,2023-02-13T14:59:50.752296Z,2023-02-13T14:59:50.752300Z,15.681,
"#RHGanador podr√° ser muy guapito para los madrazos, los insultos,cachetadas, amenazas, meter miedo a empleados, poner a los pobres a pagar intereses de por vida y limpiarse elculo con la ley. Pero para confrontar a sus adversarios en el marco de las propuestas es #RodolfoCobarde",1537922449903235073,Si,Si,No,Asco,,,2023-02-13T14:59:33.871526Z,2023-02-13T14:59:33.871529Z,16.193,
"@petrogustavo Pero si vos con tu grupo de bandidos incendiaste el palacio de justicia, quemaste vivos a los jueces y magistrados. De que me hablas viejo??? #RHGanador",1537883656898764800,Si,Si,No,"{""choices"": [""Ira"", ""Asco""]}",,,2023-02-13T14:59:16.390435Z,2023-02-13T14:59:16.390439Z,17.411,
"#NosHaceFalta que @JuanPabloCalvas  en su programa ""Sigue la W"", haga un programa sobre los lideres sociales asesinados en los √∫ltimos 4 a√±os. Hace dos d√≠as se emiti√≥ un programa analizando un caso, pero faltan muchos mas.",1537413012411273218,Si,No,No,,,,2023-02-13T14:58:57.671340Z,2023-02-13T14:58:57.671343Z,14.749,
"Democracia por tutela.  La particularidad del sistema democr√°tico colombiano, sin la tutela a la ciudadan√≠a no se le cumple ning√∫n derecho. Hasta para un #debate presidencial toca por tutela.",1537452279246336000,Si,Si,No,"{""choices"": [""Decepci√≥n"", ""Desagrado""]}",,,2023-02-13T14:58:41.669567Z,2023-02-13T14:58:41.669572Z,17.686,
"@MirandaBogota #IrrespetuosoEs cobrar el sueldo de senador y no ir ni a un debate en los √∫ltimos meses. Eso es, literalmente, robar.  No nos roben m√°s.",1537444287431839751,Si,Si,No,Desagrado,,,2023-02-13T14:58:22.674434Z,2023-02-13T14:58:22.674437Z,14.321,
"#EstallidoSocialEs el deber ser de un pueblo, que jam√°s volver√° a tragar entero. Sumisos nunca m√°s.",1536936329778544643,Si,Si,No,Confianza,,,2023-02-13T14:58:06.976819Z,2023-02-13T14:58:06.976822Z,12.29,
"@GustavoBolivar No es as√≠, m√°s de medio pa√≠s piensa votar por el verdadero cambio #PresidentePetro #FranciaVicepresidenta",1536869969891401730,Si,Si,No,Confianza,,,2023-02-13T14:57:53.411703Z,2023-02-13T14:57:53.411706Z,7.184,
"#LoCorrectoEs que las personas que contestan l√≠nea de servicio al cliente del @ICFEScol atendieran de manera efectiva y respetuosa a los usuarios. La atenci√≥n de (Valentina) fue nefasta, se inventan cualquier cosa para colgar la l√≠nea y no solucionar @MonicaOspinaL @Mineducacion",1537089084128206851,No,,,,,,2023-02-13T14:57:44.884088Z,2023-02-13T14:57:44.884091Z,17.119,
@VickyDavilaH #YoBloqueoASemana Es un pasqu√≠n es un Bodrio al servicio de los clanes pol√≠ticos asesinos y incluidos en toda la corrupci√≥n de Colombia Ejemplo como taparon pruebas por la Coca del embajador,1537023495842021376,Si,Si,No,Desagrado,,,2023-02-13T14:57:26.462368Z,2023-02-13T14:57:26.462371Z,10.748,
#DebateObligadoEs Si Petro fuera el que no quisiera asistir a debates el uribestiario estar√≠a aplaudiendo la decisi√≥n del tribunal perooo como el que no quiere ir es el candidato del uribismo est√°n de solidarios los malparidos.,1537044816550412288,Si,Si,No,Asco,,,2023-02-13T14:57:14.369265Z,2023-02-13T14:57:14.369268Z,15.928,
#DebateObligadoEs lo m√≠nimo que debe existir para confrontar las propuestas de los candidatos. Aunque en este caso sirve para que el viejito ponga la cara y #PetroPresidente2022 peine al RH,1537037210553401344,Si,Si,No,"{""choices"": [""Desagrado"", ""Confianza""]}",,,2023-02-13T14:56:48.637453Z,2023-02-13T14:56:48.637456Z,15.788,
"#NoMeDejaDormir el saber que le espera a Colombia con el estallido social que va a patrocinar el pacto hist√≥rico, si llega a ganar Rodolfo Hernandez la presidencia.",1536696174077480960,Si,Si,No,"{""choices"": [""Miedo"", ""Incertidumbre""]}",,,2023-02-13T14:56:31.515210Z,2023-02-13T14:56:31.515213Z,13.839,
Entonces los 'periodistas' pierden credibilidad por desinformar y los hijueputas somos los que nos dimos cuenta de sus sesgos ...???  Ah ... Ya ...  #YoBloqueoASemana,1536841895997063169,Si,Si,No,Desagrado,,,2023-02-13T14:56:16.380977Z,2023-02-13T14:56:16.380980Z,15.878,
"Nos ofrece droga gratis ¬°que dem√≥crata!. Nos ofrece educaci√≥n gratis, ¬°este se√±or va a imponer el comunismo!. #NosFalta mucho para salir del subdesarrollo y si elegimos como siempre, faltar√° muchos m√°s.",1536379561268899840,Si,Si,No,"{""choices"": [""Desagrado"", ""Miedo"", ""Incertidumbre""]}",,,2023-02-13T14:55:59.005826Z,2023-02-13T14:55:59.005829Z,13.367,
"@RevistaSemana ¬°No me dejo ofender por unos videos! me ofendo por los 8 mill de desplazados, por los 6.402 falsos positivos, por los 22 mill de pobres, por 70 billones robados, por la continuidad de un gobierno saqueador y genocida alejado de pueblo. #SoyPetroSoyPaz",1535971277881626624,Si,Si,No,"{""choices"": [""Ira"", ""Desagrado""]}",,,2023-02-13T14:55:44.370450Z,2023-02-13T14:55:44.370453Z,13.735,
@RoyBarreras @petrogustavo Se tiene q retirar xq qued√≥ en descubierto lo sucios y maquiav√©licos q son incluyendo a Petro q de experiencia es un Hamp√≥n! Tienen q pagar legalmente x corruptos dan asco!#PetrismoSucio #PetrismoTramposo #PetroEsUnPeligro #PactoDeBandidos,1535682415217233920,Si,Si,No,"{""choices"": [""Ira"", ""Asco""]}",,,2023-02-13T14:55:29.154767Z,2023-02-13T14:55:29.154770Z,13.974,
@chirivica26 @navarrowolff Ahh y q hace a Petro el dem√≥crata del siglo? Todo bien por las bodegas del #PetrismoSucio  ? Estan como asustados q no escriben bien,1535442087390371840,Si,Si,Si,Desagrado,,,2023-02-13T14:55:13.976061Z,2023-02-13T14:55:13.976064Z,25.199,
"#Campa√±aSuciaEs De algo estoy seguro. Pol√≠tico que este aliado a @petrogustavo que vea que es lo q hace, porque lo mete preso. √©l no come de alianzas. Que lo mete preso, lo mete! Ese es mi Gato, cazador de ratas. #PetroYFranciaSonElCambio",1535265200374415360,Si,Si,No,Desagrado,,,2023-02-13T14:54:47.496645Z,2023-02-13T14:54:47.496648Z,21.568,
"Petrista de coraz√≥n que t√∫ inteligencia sea la que tome la decisi√≥n, vota inteligente frente al #PetrismoSucio",1535365000117858305,Si,Si,No,Desagrado,,,2023-02-13T14:54:24.686098Z,2023-02-13T14:54:24.686101Z,13.301,
@ANIABELLO_R #CampanaSuciaEs lo que hace el #PactoDeBandidos y fue tan cochina que tiene a m√°s de uno convencido como corderos al matadero  #PetrismoSucio,1535262455135408128,Si,Si,No,Asco,,,2023-02-13T14:54:10.138268Z,2023-02-13T14:54:10.138271Z,12.538,
"#hablamaldecolombia Un Presidente que va con su sonrisa de idiora va a decir ante el mundo que Colombia es un para√≠so , y la verdad es  otra; muerte a lideres , narcotr√°fico , corrupci√≥n.que descaro........",1535220468889919489,Si,Si,No,"{""choices"": [""Decepci√≥n"", ""Desagrado"", ""Miedo""]}",,,2023-02-13T14:53:56.312673Z,2023-02-13T14:53:56.312677Z,24.014,
#ColombiaEspera que vaina q salio de vacaciones reporte coronel pata q la w hable la verdad del pacto hist√≥rico,1534873142254092288,No,,,,,,2023-02-13T14:53:31.090659Z,2023-02-13T14:53:31.090663Z,204.274,No se entiende
"#LosPetroVideosSon La pol√≠tica saca de las personas lo peor que tienen, en pol√≠tica  una muestra de lo que un individuo puede hacer contra otro #TodoVale   #ColombiaEspera de los candidatos, el mejor sin marrullas!",1534869839726125060,Si,Si,No,Decepci√≥n,,,2023-02-13T14:50:05.525265Z,2023-02-13T14:50:05.525268Z,20.433,
"#LosPetroVideosSon una clara muestra de que en Colombia se puede ser machista, xen√≥fobo, aprovechado y hasta corrupto pero no se puede ser estratega pol√≠tico, impresionante",1534920598622769152,Si,Si,No,"{""choices"": [""Decepci√≥n"", ""Desagrado""]}",,,2023-02-13T14:49:43.785994Z,2023-02-13T14:49:43.785998Z,12.856,
"#LosPetroVideosSon se√±or Luis Carlos Velez, la fiebre no est√° en las sabanas, el delincuente no es el que la filtr√≥, los delincuentes son todos",1534871735966875654,Si,Si,No,Desagrado,,,2023-02-13T14:49:29.201276Z,2023-02-13T14:49:29.201279Z,20.737,
"#NoQuiero que el miedo invada nuevamente a los colombianos. #NoQuiero m√°s comentarios de visionarios incautos, que nos digan que si hacemos esto, pasar√° aquello.",1534478790121988097,Si,Si,No,"{""choices"": [""Miedo"", ""Incertidumbre""]}",,,2023-02-13T14:49:07.320903Z,2023-02-13T14:49:07.320906Z,13.715,
"#UnaBurlaEs: Intentar infructuosamente comunicarse con ""L√≠neas de soporte"" del @ICFEScol ü•µ  No responden correos electr√≥nicos, en l√≠nea telef√≥nica los asesores no tienen ni idea de c√≥mo responder requerimientos del usuario. No saben y cuelgan ‚òéÔ∏è | #UnaVerdadEs ‚≠ï @Mineducacion",1534515241589039109,No,,,,,,2023-02-13T14:48:52.343753Z,2023-02-13T14:48:52.343757Z,6.239,
"#UnaVerdadEs que cuando tomamos una opci√≥n, muchas veces nos sentimos obligados a sostenerla frente a otros, nos volvemos esclavos de ella, y terminamos contradiciendo nuestros propios principios, nuestra inteligencia y nuestra decencia.",1534171666028412931,No,No,,,,,2023-02-13T14:48:44.948848Z,2023-02-13T14:48:44.948851Z,26.23,
@jarizabaletaf @YOIkhouvanjou ESTAMOS ANTE UNA AMENAZA INMINENTE. ü´¥üèº#LaCorrupcionPetrista  SALVEMOS A COLOMBIA DE CAER EN LAS GARRAS DE ‚ÄúLA BESTIA COMUNISTA‚Äùü´¥üèº@petrogustavo  EL √öNICO CAMINO PARA ANULAR  LAS MACABRAS AMBICIONES DE PETRO ES A TRAV√âS DEL üó≥ POR EL @ingrodolfohdez.  #VotarEnBlancoEsVotarPetro,1533617089637978113,Si,Si,No,"{""choices"": [""Desagrado"", ""Miedo""]}",,,2023-02-13T14:48:17.280390Z,2023-02-13T14:48:17.280393Z,22.336,
"@darcyquinnr #VotarEnBlancoEs ahora la √∫nica opci√≥n que le queda a Petro para contener la gigantesca ola #AntiPetrista que desperto en el pa√≠s. Pero ya no caemos, yo voto #RodolfoPresidente2022",1533771436149587968,Si,Si,No,Desagrado,,,2023-02-13T14:47:53.614667Z,2023-02-13T14:47:53.614670Z,19.845,
"@AABenedetti #LaCorrupcionPetrista los J√≥venes quieren un cambio. No quieren m√°s a politiqueros metiendo sus garras en la plata de los impuestos de los colombianos. A Benedetti, a Roy, a Ernesto Samper, al santismo... hay que derrotarlo. Ud no es el cambio.",1533517924979310594,Si,Si,No,Desagrado,,,2023-02-13T14:47:32.522503Z,2023-02-13T14:47:32.522506Z,19.134,
@DanielSamperO Lo que te gusta a vos. Votar en blanco. Que alivio que esta vez no afecta al pa√≠s. #YoPactoConPetro,1533077570425704452,Si,Si,No,Desagrado,,,2023-02-13T14:47:11.731524Z,2023-02-13T14:47:11.731527Z,12.437,
"#PetroElCambioSeguro Vamos que vamos, los hundimos en primera ,en segunda los exterminamos",1532823983112048647,Si,Si,No,Confianza,,,2023-02-13T14:46:58.002444Z,2023-02-13T14:46:58.002447Z,7.768,
Mucho se habla de #FraudeElectoral pero el tema est√° en no dejarse confundir y estudiar los programas y mirar d√≥nde est√° la posible soluci√≥n a la mayor√≠a o algunos problemas sociales. SU CONCIENCIA DECIDE,1532389060072951809,Si,No,No,,,,2023-02-13T14:46:48.657081Z,2023-02-13T14:46:48.657084Z,13.121,
#ColombiaNecesita m√°s honestidad y coherencia. Menos egos en los l√≠deres pol√≠ticos. Y sobre todo m√°s educaci√≥n que despierte la conciencia.,1532463961643294721,Si,No,No,,,,2023-02-13T14:46:34.190626Z,2023-02-13T14:46:34.190629Z,22.362,
#ColombiaNecesita saber que el ingeniero Rodolfo result√≥ ser mas falso y mentiroso que una pel√≠cula pornografica,1532391794171957253,Si,Si,No,Asco,,,2023-02-13T14:46:10.595358Z,2023-02-13T14:46:10.595361Z,29.096,
"@BluRadioCo Aj√° como en argentina, chile y peru. Ni que decir de Venezuela, Nicaragua y cuba tambi√©n eligieron vivir sabroso ü•∂ #RodolfoPresidente2022",1531995875471503360,Si,Si,No,"{""choices"": [""Desagrado"", ""Miedo""]}",,,2023-02-13T14:45:40.181657Z,2023-02-13T14:45:40.181660Z,19.793,
"#ElVerdaderoCambioEs sin Uribe y sin Petro, ese es Rodolfo Hernandez lo que la mayor√≠a decidi√≥, en Colombia cabemos todos.",1531965621776392202,Si,Si,No,Confianza,,,2023-02-13T14:45:18.858809Z,2023-02-13T14:45:18.858814Z,9.349,
#MiCandidatoEs Cualquiera que no sea un tipo como @petrogustavo  que ser√≠a una debacle para nuestro pais!,1531616944939466755,Si,Si,No,"{""choices"": [""Desagrado"", ""Miedo""]}",,,2023-02-13T14:45:08.224966Z,2023-02-13T14:45:08.224969Z,11.603,
Espero que todos y todas estemos de acuerdo con que era much√≠simo mejor tener en #SegundaVuelta a Fajardo y no a Rodolfo o Fico. Linda noche üòä,1531093498413387776,Si,Si,No,Decepci√≥n,,,2023-02-13T14:44:55.269156Z,2023-02-13T14:44:55.269159Z,11.582,
"Fico anuncia unirse con Rodolfo Hernandez. M√°s cantada esa jugada, los del Uribismo no son idiotas‚Ä¶ QUE LIBRETEADA #ColombiaDecide #ColombiaVota2022 #ColombiaElige  #ColombiaVota",1531062168824815616,Si,Si,No,Desagrado,,,2023-02-13T14:44:42.451118Z,2023-02-13T14:44:42.451122Z,18.809,
"Un viejito grosero, irrespetuoso, machista, que le puede meter la mano a cualquiera y que hace amenazas de muerte con que le va a pegar un tiro a este hptaaaaa. Simplemente el Ingeniero Rodolfo Hernandez #ColombiaDecide",1531049180659056640,Si,Si,No,Asco,,,2023-02-13T14:44:22.445837Z,2023-02-13T14:44:22.445840Z,18.977,
Una vez m√°s invito a la gente que salgan a votar a conciencia en esta jornada electoral y demuestren como siempre que la participaci√≥n ciudadana se puede cambiar el pa√≠s. #EleccionesColombia #ColombiaDecide,1530953982578987011,Si,Si,No,Confianza,,,2023-02-13T14:44:02.181693Z,2023-02-13T14:44:02.181697Z,11.865,
"#ColombiaConPetro Hoy los nadies, nos levantamos y vamos por #elcambioenprimera",1531014967956484096,Si,Si,No,Confianza,,,2023-02-13T14:43:48.902651Z,2023-02-13T14:43:48.902654Z,6.605,
"El cambio en primera! Por la esperanza, porque quiero vivir bueno. #ColombiaConPetro",1530998884310327296,Si,Si,No,Confianza,,,2023-02-13T14:43:40.999321Z,2023-02-13T14:43:40.999324Z,7.596,
"Por que sea posible tener abrigo en la ni√±ez, sue√±os en la juventud y seguridad en la vejez #VotoPorFicoYLara",1530944866020212737,Si,Si,No,Confianza,,,2023-02-13T14:43:31.970838Z,2023-02-13T14:43:31.970841Z,14.126,
"#YoVotoPorPetroPresidente por el derecho a la educaci√≥n superior de mi hija que esta a dos a√±os de terminar el colegio, por ella y por toda la juventud. #ElCambioEnPrimera",1530735542723297282,Si,Si,No,Confianza,,,2023-02-13T14:43:16.375113Z,2023-02-13T14:43:16.375116Z,11.142,
"@marcelamvz Por la vida,por la paz 6402  vidas y contando el legado de la juventud ser√° borrar el legado de la guerra la muerte y de los corruptos #PetroYFranciaSonElCambio #PetroPresidente2022",1530882646162784260,Si,Si,No,Confianza,,,2023-02-13T14:43:03.873092Z,2023-02-13T14:43:03.873095Z,11.217,
#PetroPresidenteEnPrimera ya es hora de que @AlvaroUribeVel sea condenado y se haga justicia con todas sus v√≠ctimas.,1530757405897854977,Si,Si,No,Desagrado,,,2023-02-13T14:42:51.379497Z,2023-02-13T14:42:51.379500Z,10.475,
"@franciscome @petrogustavo Hasta donde llega la ciza√±a, no  pasar√°n, el cambio es AHORA en primera!!! #PetroPresidenteEnPrimera",1530712365938917377,Si,Si,No,"{""choices"": [""Desagrado"", ""Confianza""]}",,,2023-02-13T14:42:39.550942Z,2023-02-13T14:42:39.550945Z,28.851,
"Llevados del HP, gan√≥ otra vez la ignorancia, gan√≥ otra vez la desinformaci√≥n, gan√≥ el ego√≠smo de porque yo estoy bien. Colombia no aprende ni en cabeza propia #EleccionesColombia #Elecciones2022",1531041079931314176,Si,Si,,"{""choices"": [""Decepci√≥n"", ""Asco""]}",,,2023-02-13T14:42:08.841297Z,2023-02-13T14:42:08.841301Z,34.035,
"A votar, que al uribismo hay que derrotar. #Elecciones2022",1530916977752977408,Si,Si,No,Confianza,,,2023-02-13T14:41:33.455576Z,2023-02-13T14:41:33.455580Z,18.886,
@rcnradio No tuvimos a @FicoGutierrez que era nuestra esperanza de Progreso pero Lo √∫nico que s√© es que mi voto en segunda vuelta es por cualquier menos Petro #CualquieraMenosPetro,1531055194787745797,Si,Si,No,"{""choices"": [""Decepci√≥n"", ""Desagrado""]}",,,2023-02-13T14:41:13.319135Z,2023-02-13T14:41:13.319138Z,1468.655,
@petrogustavo y sus electores tiene un desaf√≠o muy grande si quieren ganarle a Rodolfo y es obtener votos de los abstencionistas (suponiendo que la registradur√≠a hace bien su trabajo) #EleccionesColombia,1531053046473576449,Si,No,No,,,,2023-02-10T17:11:17.513527Z,2023-02-10T17:11:17.513531Z,14.693,
"¬øQue se acab√≥ el uribismo? Para nada, Rodolfo era el plan B si Fico no funcionaba.   #EleccionesColombia",1531037563632373760,Si,Si,No,Desagrado,,,2023-02-10T17:11:00.977809Z,2023-02-10T17:11:00.977814Z,10.124,
Veo con emoci√≥n que muchos de mis amigos reportan masiva asistencia a las urnas. Colombia s√≠ est√° cambiando. El pueblo despert√≥. ‚úäüèª #Elecciones2022 #EleccionesColombia,1530971942110609408,Si,Si,No,Confianza,,,2023-02-10T17:10:49.096525Z,2023-02-10T17:10:49.096530Z,9.709,
"Hab√≠a dicho en d√≠as anteriores que mi voto ser√≠a por #RodolfoHernandez pero vi cositas que no me gustaron. As√≠ que decid√≠ no votar as√≠ mi voto pudiese ayudar en algo, se que seguiremos comiendo las misma mierda pero con otro sabor gane quien gane. #EleccionesColombia",1530934778714890240,Si,Si,No,"{""choices"": [""Decepci√≥n"", ""Tristeza""]}",,,2023-02-10T17:10:37.932317Z,2023-02-10T17:10:37.932322Z,15.121,
"@ironicolombia No me pareci√≥ as√≠.Fue un debate serio y ordenado, con buenas preguntas q permiti√≥ ver fortalezas y debilidades d los 3 candidatos. Me gust√≥ el #DebateFinal Buena herramienta para definir el voto con responsabilidad. Ya sabemos quien tiene mas talante y transparencia para gobernar",1530422275836678145,Si,Si,No,Confianza,,,2023-02-10T17:09:31.644558Z,2023-02-10T17:09:31.644563Z,32.656,
"Fajardo hasta en su mensaje final incluye a Petro, y est√© lo borra sutilmente diciendo en el suyo: ""Aqui hay dos opciones en realidad"" jajajaja √°guila no caza mosca pa' ¬°TE AMO @petrogustavo y quiero que seas mi PRESIDENTE! #DebateFinal",1530379381658591232,Si,Si,No,"{""choices"": [""Admiraci√≥n"", ""Alegria""]}",,,2023-02-10T17:08:57.311887Z,2023-02-10T17:08:57.311892Z,30.375,
#YoVotoPetroPresidente Mi voto para Petro es irrevocable.,1530379488806182914,Si,Si,No,Confianza,,,2023-02-10T17:08:25.378253Z,2023-02-10T17:08:25.378259Z,14.862,
"#ASegundaPasan la decencia y la coherencia en la pol√≠tica. Pasan @sergio_fajardo y @LuisGMurillo y ser√°n elegidos en la Presidencia en la elecci√≥n de junio. #EsElMomentoDe que Colombia cambie, en especial su forma de hacer pol√≠tica.",1530202797647568896,Si,Si,No,Confianza,,,2023-02-10T17:08:08.854812Z,2023-02-10T17:08:08.854818Z,15.263,
Bueno. Ma√±ana se va a dejar de hablar de pol√≠tica y nos vamos a enfocar en la final de la champions.  #ElDomingoVoyA muy temprano asistir a las urnas pa sacar a la banda de la oficina de envigado del palacio de Nari√±o.  #PetroEs #EsElMomentoDe,1530309493107613696,Si,Si,No,"{""choices"": [""Desagrado"", ""Confianza""]}",,,2023-02-10T17:07:51.600910Z,2023-02-10T17:07:51.600914Z,45.578,
#ElDebateDecisivo Federico Guti√©rrez sin celular y sin tablet no es nada.,1529804925303136257,Si,Si,No,Desagrado,,,2023-02-10T17:07:04.243135Z,2023-02-10T17:07:04.243139Z,9.218,
"Sin duda petro es el mejor, los dem√°s solo copian y repiten las propuestas del verdadero y √∫nico candidato con conocimiento real del p√≠as. #ElMejorCandidatoEs",1529845625767993344,Si,Si,No,Admiraci√≥n,,,2023-02-10T17:06:53.655099Z,2023-02-10T17:06:53.655104Z,15.67,
"Como lo hizo en Medell√≠n, lo har√° por Colombia üá®üá¥. @FicoGutierrez llegar√° a todas las regiones donde sea alterado el orden p√∫blico. no permitir√° que se perturbe la tranquilidad de la gente con paros armados. ¬°All√° estar√° con la fuerza del Estado!  #FicoElGanador #ElDebateDecisivo",1529807125106642947,Si,Si,No,"{""choices"": [""Admiraci√≥n"", ""Confianza""]}",,,2023-02-10T17:06:36.399428Z,2023-02-10T17:06:36.399432Z,33.779,
"#YaEsSuficiente buscar la soluci√≥n a los problemas r√≠o abajo. La soluci√≥n est√° rio arriba porque las decisiones de poner a √©sos ineptos en cargos tan importantes son el problema, como el registrador nacional!",1529422833151008770,Si,Si,No,"{""choices"": [""Ira"", ""Desagrado""]}",,,2023-02-10T17:06:01.260466Z,2023-02-10T17:06:01.260470Z,24.066,
"¬ø#UnTramposoEs quien le da money a nuestros h√©roes de la patria, o sea, a la Polic√≠a Nacional, para que juntos nos hagamos la vida m√°s easy? Eso no es soborno; eso es una propina, obviously.",1529135336839860224,Si,Si,Si,Desagrado,,,2023-02-10T17:05:35.008258Z,2023-02-10T17:05:35.008264Z,30.381,
"#AColombiaLePreocupa la corrupci√≥n enquistada en el poder durante d√©cadas, que solo dejo pobreza y miseria, y a unos cuantos con los bolsillos llenos. #PetroPresidenteEnPrimeraVuelta",1529112495922765824,Si,Si,No,Ira,,,2023-02-10T17:05:00.908943Z,2023-02-10T17:05:00.908955Z,61.053,
La verdad yo si quisiera saber que le hizo @AlvaroUribeVel a @petrogustavo que no lo suelta para nada. Todo el #ElDebateDefinitivo se la paso uribe uribe uribe y nada mas. Ojal√° me respondiera,1528956465632903168,Si,Si,No,Desagrado,,,2023-02-10T17:03:54.398242Z,2023-02-10T17:03:54.398247Z,105.988,
@erizodemar Creo que este hombre tiene potencial para el 2026 #ElDebateDefinitivo no esperaba menos de @erizodemar,1528928531698286592,Si,Si,No,Admiraci√≥n,,,2023-02-10T17:02:03.253218Z,2023-02-10T17:02:03.253224Z,21.679,
"#ElDebateDefinitivo definitivamente GUSTAVO PETRO le lleva a√±os luz a fico y a fajardo en preparaci√≥n y conocimiento del pa√≠s, deja claro Gustavo en este debate que de los tres es el mejor candidato.  #PetroGanaDebate #PetroPresidente #PetroPresidenteEnPrimeraVuelta",1528925661343232000,Si,Si,No,Admiraci√≥n,,,2023-02-10T17:01:36.790554Z,2023-02-10T17:01:36.790559Z,27.075,
"Estoy esperando la pregunta que le har√° @petrogustavo a @FicoGutierrez, le quiero ver esa cara de ignorancia que pone!   #ElDebateDefinitivo  #PetroGanaDebate",1528915435508449280,Si,Si,No,Desagrado,,,2023-02-10T17:01:07.258949Z,2023-02-10T17:01:07.258954Z,31.003,
"‚ÄúEl Clan del Golfo est√° ligado a la oficina y uno de los integrantes de esa oficina ha formado parte de su equipo""  @petrogustavo a @FicoGutierrez en #ElDebateDefinitivo   Fico negando su relaci√≥n con Gustavo Villegas y la oficina de Envigado.",1528906351245672449,Si,No,No,,,,2023-02-10T17:00:32.975096Z,2023-02-10T17:00:32.975101Z,112.406,
"""Lleg√≥ el momento de que las nadies y los nadies nos pongamos de pie"". ü´∂üèªüá®üá¥üíú @FranciaMarquezM   #MiVotoEsPetroYFrancia",1528523541108379649,Si,Si,No,Confianza,,,2023-02-10T16:58:37.050418Z,2023-02-10T16:58:37.050421Z,32.717,
